Potential (V),Current (A),Adjusted Potential (V),Adjusted Current (A),Potential (V),Current (A),Adjusted Potential (V),Adjusted Current (A),Potential (V),Current (A),Adjusted Potential (V),Adjusted Current (A),Potential (V),Current (A),Adjusted Potential (V),Adjusted Current (A)
-0.99735,-4.3733e-05,-1.0,-4.5541526119403086e-05,-0.99738,-7.0751e-05,-1.0,-7.409990746268644e-05,-0.99734,-6.9394e-05,-1.0,-7.320719287833828e-05,-0.99737,-6.7155e-05,-1.0,-7.070811258278146e-05
-0.99467,-4.1904e-05,-0.99,-3.960287202380952e-05,-0.99403,-6.6469e-05,-0.99,-6.171911504424777e-05,-0.99397,-6.4563e-05,-0.99,-6.054543317972348e-05,-0.99435,-6.3075e-05,-0.99,-5.8697706521739155e-05
-0.99131,-4.0199e-05,-0.98,-3.534286404833835e-05,-0.99102,-6.2802e-05,-0.98,-5.258939090909092e-05,-0.98963,-6.0171e-05,-0.98,-5.1807432835820896e-05,-0.99098,-5.9609e-05,-0.98,-5.034279027355622e-05
-0.98795,-3.867e-05,-0.97,-3.164826946107785e-05,-0.98763,-5.9203e-05,-0.97,-4.5239033033032986e-05,-0.9859,-5.6745e-05,-0.97,-4.474315568862271e-05,-0.9873,-5.6187e-05,-0.97,-4.3605775067750676e-05
-0.98458,-3.7132e-05,-0.96,-2.8246866666666665e-05,-0.9843,-5.6128e-05,-0.96,-3.9065079019073544e-05,-0.98255,-5.3801e-05,-0.96,-3.89666976047904e-05,-0.98393,-5.3426e-05,-0.96,-3.805233149171271e-05
-0.98123,-3.582e-05,-0.95,-2.5114193548387072e-05,-0.98059,-5.3063e-05,-0.95,-3.397479104477609e-05,-0.9792,-5.1182e-05,-0.95,-3.3883270270270235e-05,-0.98058,-5.0774e-05,-0.95,-3.327118749999998e-05
-0.97792,-3.4536e-05,-0.94,-2.215658333333332e-05,-0.97729,-5.0414e-05,-0.94,-2.9153373887240318e-05,-0.9756,-4.8571e-05,-0.94,-2.9356666666666666e-05,-0.97729,-4.8328e-05,-0.94,-2.88975652173913e-05
-0.97464,-3.3282e-05,-0.9299999999999999,-1.9170079268292662e-05,-0.974,-4.8019e-05,-0.9299999999999999,-2.4863773841961832e-05,-0.9723,-4.6296e-05,-0.9299999999999999,-2.5133054794520522e-05,-0.97365,-4.5908e-05,-0.9299999999999999,-2.487531707317071e-05
-0.97132,-3.2149e-05,-0.9199999999999999,-1.6029116666666642e-05,-0.97035,-4.5471e-05,-0.9199999999999999,-2.0881722054380644e-05,-0.96896,-4.4041e-05,-0.9199999999999999,-2.1196472826086943e-05,-0.97034,-4.3813e-05,-0.9199999999999999,-2.1092502762430918e-05
-0.96798,-3.0882e-05,-0.9099999999999999,-1.2971135135135112e-05,-0.96702,-4.3264e-05,-0.9099999999999999,-1.697293491124257e-05,-0.96564,-4.2192e-05,-0.9099999999999999,-1.754082016348772e-05,-0.96665,-4.1564e-05,-0.9099999999999999,-1.763373994638068e-05
-0.96469,-2.9844e-05,-0.8999999999999999,-9.703256637168112e-06,-0.96366,-4.129e-05,-0.8999999999999999,-1.3222554572271362e-05,-0.96199,-4.0004e-05,-0.8999999999999999,-1.379123880597011e-05,-0.96328,-3.9792e-05,-0.8999999999999999,-1.4005410714285687e-05
-0.96132,-2.8648e-05,-0.8899999999999999,-6.425818181818146e-06,-0.95999,-3.9059e-05,-0.8899999999999999,-9.407692048929647e-06,-0.95865,-3.8263e-05,-0.8899999999999999,-1.0037137362637326e-05,-0.95966,-3.7872e-05,-0.8899999999999999,-1.051009695290855e-05
-0.95772,-2.7554e-05,-0.8799999999999999,-3.0392275964391347e-06,-0.95669,-3.7361e-05,-0.8799999999999999,-5.845667352941147e-06,-0.95531,-3.6562e-05,-0.8799999999999999,-6.469454246575295e-06,-0.95633,-3.6225e-05,-0.8799999999999999,-7.021648640483354e-06
-0.95472,-2.6672e-05,-0.8699999999999999,4.53429041916201e-07,-0.95335,-3.5658e-05,-0.8699999999999999,-2.151772997032597e-06,-0.95165,-3.4683e-05,-0.8699999999999999,-2.9994017910447427e-06,-0.95267,-3.4456e-05,-0.8699999999999999,-3.6047853731342987e-06
-0.95137,-2.5618e-05,-0.8599999999999999,4.019066863905354e-06,-0.95001,-3.398e-05,-0.8599999999999999,1.5731724550898782e-06,-0.94832,-3.3069e-05,-0.8599999999999999,6.079666468843028e-07,-0.94931,-3.2965e-05,-0.8599999999999999,-8.418999999995745e-08
-0.94765,-2.425e-05,-0.8499999999999999,7.6087340425532245e-06,-0.94666,-3.2235e-05,-0.8499999999999999,5.017393051359574e-06,-0.9446,-3.132e-05,-0.8499999999999999,4.095864133738638e-06,-0.94564,-3.1327e-05,-0.8499999999999999,3.2945681318681803e-06
-0.94431,-2.3514e-05,-0.8399999999999999,1.1043315476190524e-05,-0.94296,-3.0535e-05,-0.8399999999999999,8.595118018018074e-06,-0.94122,-2.9897e-05,-0.8399999999999999,7.53745709969794e-06,-0.94224,-2.9852e-05,-0.8399999999999999,6.644345481927759e-06
-0.94094,-2.2466e-05,-0.8299999999999998,1.4433760869565262e-05,-0.93959,-2.8962e-05,-0.8299999999999998,1.1824126506024158e-05,-0.93756,-2.8276e-05,-0.8299999999999998,1.076800000000004e-05,-0.93856,-2.8284e-05,-0.8299999999999998,9.980439759036177e-06
-0.93758,-2.136e-05,-0.8199999999999998,1.7787461309523862e-05,-0.93627,-2.757e-05,-0.8199999999999998,1.5027321428571483e-05,-0.93426,-2.693e-05,-0.8199999999999998,1.3937997014925428e-05,-0.93527,-2.6973e-05,-0.8199999999999998,1.303622058823535e-05
-0.93427,-2.0415e-05,-0.8099999999999998,2.0867081081081128e-05,-0.93298,-2.6193e-05,-0.8099999999999998,1.8154185983827544e-05,-0.93096,-2.5521e-05,-0.8099999999999998,1.6981703927492484e-05,-0.9316,-2.5428e-05,-0.8099999999999998,1.615603523035236e-05
-0.93094,-1.9473e-05,-0.7999999999999998,2.3758180722891627e-05,-0.92931,-2.4556e-05,-0.7999999999999998,2.0566262839879194e-05,-0.92731,-2.4046e-05,-0.7999999999999998,1.974763798219589e-05,-0.92832,-2.4295e-05,-0.7999999999999998,1.879218784530391e-05
-0.92766,-1.8416e-05,-0.7899999999999998,2.6328322289156662e-05,-0.92598,-2.3256e-05,-0.7899999999999998,2.3148259818731155e-05,-0.92395,-2.2851e-05,-0.7899999999999998,2.203231955922871e-05,-0.92494,-2.3127e-05,-0.7899999999999998,2.1424933933933966e-05
-0.92433,-1.7446e-05,-0.7799999999999998,2.822429080118698e-05,-0.92264,-2.1846e-05,-0.7799999999999998,2.5104523809523848e-05,-0.92065,-2.1454e-05,-0.7799999999999998,2.4370002958579933e-05,-0.92126,-2.1561e-05,-0.7799999999999998,2.350390566037741e-05
-0.92098,-1.6337e-05,-0.7699999999999998,3.0291690265486752e-05,-0.91933,-2.0637e-05,-0.7699999999999998,2.704358064516132e-05,-0.91697,-1.9996e-05,-0.7699999999999998,2.6441641791044815e-05,-0.91764,-2.0215e-05,-0.7699999999999998,2.5694125000000024e-05
-0.91738,-1.5206e-05,-0.7599999999999998,3.1798850299401225e-05,-0.91604,-1.9296e-05,-0.7599999999999998,2.865580722891569e-05,-0.91366,-1.8799e-05,-0.7599999999999998,2.810720958083835e-05,-0.91431,-1.9146e-05,-0.7599999999999998,2.74918048780488e-05
-0.91439,-1.4417e-05,-0.7499999999999998,3.321155522388062e-05,-0.91238,-1.7851e-05,-0.7499999999999998,2.9952344262295134e-05,-0.91026,-1.7649e-05,-0.7499999999999998,2.941096467391308e-05,-0.91099,-1.8017e-05,-0.7499999999999998,2.8716918918918935e-05
-0.91104,-1.3352e-05,-0.7399999999999998,3.422719230769233e-05,-0.909,-1.6604e-05,-0.7399999999999998,3.101500000000002e-05,-0.90659,-1.6122e-05,-0.7399999999999998,3.0374791666666688e-05,-0.90726,-1.6573e-05,-0.7399999999999998,3.010386178861792e-05
-0.90734,-1.1997e-05,-0.7299999999999998,3.517191940298509e-05,-0.9053,-1.5071e-05,-0.7299999999999998,3.164852083333334e-05,-0.90325,-1.4839e-05,-0.7299999999999998,3.1486952238805985e-05,-0.90388,-1.5476e-05,-0.7299999999999998,3.116430563798221e-05
-0.90397,-1.0996e-05,-0.7199999999999998,3.5923981927710855e-05,-0.90196,-1.391e-05,-0.7199999999999998,3.247180000000002e-05,-0.8999,-1.3759e-05,-0.7199999999999998,3.2270484848484855e-05,-0.90025,-1.4088e-05,-0.7199999999999998,3.190100300300301e-05
-0.90066,-9.8916e-06,-0.7099999999999997,3.657202409638556e-05,-0.89857,-1.2721e-05,-0.7099999999999997,3.2938711956521775e-05,-0.89655,-1.2646e-05,-0.7099999999999997,3.267847297297302e-05,-0.89689,-1.2978e-05,-0.7099999999999997,3.2535589285714287e-05
-0.89727,-8.9242e-06,-0.6999999999999997,3.717404776119405e-05,-0.89524,-1.1509e-05,-0.6999999999999997,3.343991343283582e-05,-0.89291,-1.111e-05,-0.6999999999999997,3.314667582417585e-05,-0.89322,-1.1609e-05,-0.6999999999999997,3.283577049180331e-05
-0.89396,-7.7161e-06,-0.6899999999999997,3.806189349112428e-05,-0.8916,-9.9399e-06,-0.6899999999999997,3.394013313609468e-05,-0.88927,-9.768e-06,-0.6899999999999997,3.345573243243246e-05,-0.88961,-1.0377e-05,-0.6899999999999997,3.3200254054054074e-05
-0.89066,-6.6592e-06,-0.6799999999999997,3.868985454545456e-05,-0.88833,-8.8522e-06,-0.6799999999999997,3.4249109756097545e-05,-0.88598,-8.6434e-06,-0.6799999999999997,3.382844414168939e-05,-0.88628,-9.3088e-06,-0.6799999999999997,3.384506811989103e-05
-0.88703,-5.3756e-06,-0.6699999999999997,3.986812537313436e-05,-0.88498,-7.6406e-06,-0.6699999999999997,3.4463098802395205e-05,-0.88262,-7.5326e-06,-0.6699999999999997,3.4091850746268655e-05,-0.88261,-7.9275e-06,-0.6699999999999997,3.386242465753427e-05
-0.88368,-4.2793e-06,-0.6599999999999997,4.081997583081574e-05,-0.88167,-6.4534e-06,-0.6599999999999997,3.4323153846153864e-05,-0.87897,-6.0515e-06,-0.6599999999999997,3.419700821917811e-05,-0.8793,-6.7787e-06,-0.6599999999999997,3.3970392749244695e-05
-0.88037,-3.1738e-06,-0.6499999999999997,4.173427218934914e-05,-0.87827,-5.2161e-06,-0.6499999999999997,3.440459459459459e-05,-0.8756,-4.937e-06,-0.6499999999999997,3.401576204819277e-05,-0.87593,-5.6752e-06,-0.6499999999999997,3.39635595238095e-05
-0.877,-1.9481e-06,-0.6399999999999997,4.25242537313433e-05,-0.87464,-3.8099e-06,-0.6399999999999997,3.456091691394658e-05,-0.87231,-3.8199e-06,-0.6399999999999997,3.404271428571427e-05,-0.87231,-4.3384e-06,-0.6399999999999997,3.384744311377243e-05
-0.87369,-7.9519e-07,-0.6299999999999997,4.309585542168676e-05,-0.87134,-2.6263e-06,-0.6299999999999997,3.43724269972452e-05,-0.86896,-2.63e-06,-0.6299999999999997,3.3934652567975816e-05,-0.86896,-3.2745e-06,-0.6299999999999997,3.366196721311477e-05
-0.87037,3.188e-07,-0.6199999999999997,4.364852747252752e-05,-0.86797,-1.4329e-06,-0.6199999999999997,3.4245116417910436e-05,-0.86525,-1.1385e-06,-0.6199999999999997,3.394760606060603e-05,-0.86561,-2.1406e-06,-0.6199999999999997,3.363090710382516e-05
-0.86703,1.5341e-06,-0.6099999999999997,4.3617668674698775e-05,-0.86465,-2.1729e-07,-0.6099999999999997,3.4463032934131725e-05,-0.86191,-4.514e-08,-0.6099999999999997,3.413334131736526e-05,-0.86192,-7.2699e-07,-0.6099999999999997,3.398117313432835e-05
-0.86367,2.7131e-06,-0.5999999999999996,4.308789520958081e-05,-0.86094,1.2339e-06,-0.5999999999999996,3.45733513513514e-05,-0.85854,1.1072e-06,-0.5999999999999996,3.4221916442048554e-05,-0.85856,3.9791e-07,-0.5999999999999996,3.400563513513516e-05
-0.8603,3.9157e-06,-0.5899999999999996,4.227682530120479e-05,-0.8576,2.4394e-06,-0.5899999999999996,3.472195535714285e-05,-0.8552,2.2466e-06,-0.5899999999999996,3.4487596153846195e-05,-0.85485,1.7226e-06,-0.5899999999999996,3.4298290419161656e-05
-0.85692,5.0803e-06,-0.5799999999999996,4.171569041095893e-05,-0.85423,3.6218e-06,-0.5799999999999996,3.520253892215569e-05,-0.85151,3.6145e-06,-0.5799999999999996,3.473467567567568e-05,-0.8515,2.7427e-06,-0.5799999999999996,3.4687199999999995e-05
-0.85359,6.2933e-06,-0.5699999999999996,4.137543582089551e-05,-0.85089,4.6946e-06,-0.5699999999999996,3.5788319526627234e-05,-0.84822,4.6633e-06,-0.5699999999999996,3.5338380697051e-05,-0.84786,4.0819e-06,-0.5699999999999996,3.494838575667655e-05
-0.85025,7.519e-06,-0.5599999999999996,4.1081418397626104e-05,-0.84758,5.8951e-06,-0.5599999999999996,3.6202089020771525e-05,-0.84456,6.0395e-06,-0.5599999999999996,3.596181194029851e-05,-0.84455,5.1043e-06,-0.5599999999999996,3.593564792899409e-05
-0.84696,8.6999e-06,-0.5499999999999996,4.08342240437159e-05,-0.84422,6.9917e-06,-0.5499999999999996,3.6843397590361465e-05,-0.84118,7.1559e-06,-0.5499999999999996,3.670181155015198e-05,-0.84089,6.3941e-06,-0.5499999999999996,3.6682467889908254e-05
-0.84364,9.7846e-06,-0.5399999999999996,4.097811377245511e-05,-0.84057,8.4114e-06,-0.5399999999999996,3.7671608433734966e-05,-0.83787,8.2262e-06,-0.5399999999999996,3.748827868852467e-05,-0.83757,7.3276e-06,-0.5399999999999996,3.701290990990991e-05
-0.84031,1.0935e-05,-0.5299999999999996,4.1499653116531245e-05,-0.83724,9.4847e-06,-0.5299999999999996,3.823780000000008e-05,-0.83453,9.3025e-06,-0.5299999999999996,3.837060000000007e-05,-0.83388,8.6974e-06,-0.5299999999999996,3.792268852459022e-05
-0.83695,1.2109e-05,-0.5199999999999996,4.234270149253734e-05,-0.8339,1.0608e-05,-0.5199999999999996,3.927369253731346e-05,-0.83122,1.0332e-05,-0.5199999999999996,3.930900000000002e-05,-0.83024,9.9225e-06,-0.5199999999999996,3.862348108108113e-05
-0.83362,1.3217e-05,-0.5099999999999996,4.294867771084339e-05,-0.83059,1.1629e-05,-0.5099999999999996,4.044392215568866e-05,-0.82756,1.164e-05,-0.5099999999999996,4.037812084592147e-05,-0.82692,1.0724e-05,-0.5099999999999996,3.971775075075077e-05
-0.83029,1.4331e-05,-0.49999999999999956,4.35106626865672e-05,-0.82727,1.2727e-05,-0.49999999999999956,4.1442626702997366e-05,-0.8242,1.2673e-05,-0.49999999999999956,4.111307084468674e-05,-0.82319,1.2037e-05,-0.49999999999999956,4.089184065934074e-05
-0.82661,1.5635e-05,-0.48999999999999955,4.48125940298508e-05,-0.82353,1.406e-05,-0.48999999999999955,4.2417424657534334e-05,-0.82084,1.3687e-05,-0.48999999999999955,4.200559393939396e-05,-0.81979,1.3102e-05,-0.48999999999999955,4.179875000000007e-05
-0.82325,1.6767e-05,-0.47999999999999954,4.5734759759759804e-05,-0.82018,1.4973e-05,-0.47999999999999954,4.349168674698798e-05,-0.81749,1.4688e-05,-0.47999999999999954,4.308629076086966e-05,-0.81613,1.4319e-05,-0.47999999999999954,4.267009485094856e-05
-0.81989,1.7822e-05,-0.46999999999999953,4.658308656716422e-05,-0.81682,1.5987e-05,-0.46999999999999953,4.469053392330388e-05,-0.81377,1.5981e-05,-0.46999999999999953,4.415820895522392e-05,-0.81277,1.5286e-05,-0.46999999999999953,4.420676010781679e-05
-0.81654,1.8844e-05,-0.4599999999999995,4.7180261398176324e-05,-0.81346,1.6925e-05,-0.4599999999999995,4.528866363636367e-05,-0.81041,1.6881e-05,-0.4599999999999995,4.489970165745865e-05,-0.80908,1.6445e-05,-0.4599999999999995,4.466035359116028e-05
-0.81315,1.9906e-05,-0.4499999999999995,4.807470833333337e-05,-0.80975,1.8243e-05,-0.4499999999999995,4.613577808219187e-05,-0.8071,1.7694e-05,-0.4499999999999995,4.5730911845730105e-05,-0.80581,1.7281e-05,-0.4499999999999995,4.554921621621623e-05
-0.80982,2.0922e-05,-0.4399999999999995,4.883881081081085e-05,-0.80646,1.9063e-05,-0.4399999999999995,4.684119230769232e-05,-0.80384,1.8613e-05,-0.4399999999999995,4.6546679758308186e-05,-0.80247,1.8043e-05,-0.4399999999999995,4.625959050445106e-05
-0.80619,2.2124e-05,-0.4299999999999995,4.9813106824925864e-05,-0.80315,1.9843e-05,-0.4299999999999995,4.787617520215642e-05,-0.80018,1.9704e-05,-0.4299999999999995,4.752209495548964e-05,-0.79885,1.9141e-05,-0.4299999999999995,4.722358760107825e-05
-0.80288,2.2987e-05,-0.4199999999999995,5.070295495495498e-05,-0.79984,2.0603e-05,-0.4199999999999995,4.8387285714285784e-05,-0.79681,2.0521e-05,-0.4199999999999995,4.83802530120482e-05,-0.79548,1.9893e-05,-0.4199999999999995,4.777439617486345e-05
-0.79956,2.3876e-05,-0.4099999999999995,5.144321752265865e-05,-0.79651,2.1456e-05,-0.4099999999999995,4.899273273273273e-05,-0.79351,2.1198e-05,-0.4099999999999995,4.885344109589049e-05,-0.79181,2.107e-05,-0.4099999999999995,4.830218406593413e-05
-0.79619,2.4767e-05,-0.39999999999999947,5.225993693693697e-05,-0.79281,2.2554e-05,-0.39999999999999947,4.9697673716012085e-05,-0.7901,2.2004e-05,-0.39999999999999947,4.911904464285715e-05,-0.78848,2.1723e-05,-0.39999999999999947,4.896229891304354e-05
-0.79285,2.5639e-05,-0.38999999999999946,5.265525663716818e-05,-0.7895,2.3254e-05,-0.38999999999999946,5.03316043956045e-05,-0.78647,2.3032e-05,-0.38999999999999946,4.994419836956529e-05,-0.78515,2.234e-05,-0.38999999999999946,4.9357318059299244e-05
-0.78953,2.6442e-05,-0.37999999999999945,5.337610574018129e-05,-0.78617,2.3912e-05,-0.37999999999999945,5.0594831325301205e-05,-0.78313,2.3719e-05,-0.37999999999999945,5.027659815950919e-05,-0.78147,2.3116e-05,-0.37999999999999945,4.972880110497242e-05
-0.78621,2.7174e-05,-0.36999999999999944,5.3928832335329385e-05,-0.78283,2.4552e-05,-0.36999999999999944,5.1167758208955235e-05,-0.77975,2.4422e-05,-0.36999999999999944,5.069280966767372e-05,-0.77776,2.4095e-05,-0.36999999999999944,5.043563636363642e-05
-0.78323,2.7585e-05,-0.35999999999999943,5.492367371601212e-05,-0.77947,2.5208e-05,-0.35999999999999943,5.1532338323353315e-05,-0.77637,2.5087e-05,-0.35999999999999943,5.13682e-05,-0.77406,2.5039e-05,-0.35999999999999943,5.0631248618784594e-05
-0.77986,2.8252e-05,-0.3499999999999994,5.553952976190481e-05,-0.77577,2.6241e-05,-0.3499999999999994,5.22033763440861e-05,-0.77269,2.6e-05,-0.3499999999999994,5.158903773584915e-05,-0.77069,2.5605e-05,-0.3499999999999994,5.128561607142857e-05
-0.77615,2.9313e-05,-0.3399999999999994,5.632602395209586e-05,-0.77242,2.6649e-05,-0.3399999999999994,5.263395180722893e-05,-0.76934,2.655e-05,-0.3399999999999994,5.216189531680447e-05,-0.76733,2.6039e-05,-0.3399999999999994,5.168359016393448e-05
-0.77277,2.9848e-05,-0.3299999999999994,5.6800691842900336e-05,-0.76901,2.7205e-05,-0.3299999999999994,5.31081517615177e-05,-0.766,2.7029e-05,-0.3299999999999994,5.228568249258161e-05,-0.76366,2.6698e-05,-0.3299999999999994,5.210561904761901e-05
-0.76938,3.0391e-05,-0.3199999999999994,5.751230091185414e-05,-0.76566,2.7661e-05,-0.3199999999999994,5.3461548192771086e-05,-0.76236,2.7838e-05,-0.3199999999999994,5.278464848484848e-05,-0.76002,2.749e-05,-0.3199999999999994,5.2399898203592786e-05
-0.76605,3.098e-05,-0.3099999999999994,5.809592307692312e-05,-0.76203,2.8399e-05,-0.3099999999999994,5.366027218934912e-05,-0.75902,2.8219e-05,-0.3099999999999994,5.33263946587537e-05,-0.75674,2.7786e-05,-0.3099999999999994,5.277000293255132e-05
-0.76274,3.141e-05,-0.2999999999999994,5.866596449704146e-05,-0.75871,2.8819e-05,-0.2999999999999994,5.417189696969698e-05,-0.75568,2.8614e-05,-0.2999999999999994,5.359257258064523e-05,-0.753,2.8498e-05,-0.2999999999999994,5.306105637982193e-05
-0.7594,3.1884e-05,-0.28999999999999937,5.9099066869300954e-05,-0.75538,2.9207e-05,-0.28999999999999937,5.439254545454553e-05,-0.75235,2.8925e-05,-0.28999999999999937,5.4003387387387364e-05,-0.74967,2.8741e-05,-0.28999999999999937,5.348372928176801e-05
-0.75608,3.2268e-05,-0.27999999999999936,5.942432344213648e-05,-0.75204,2.9541e-05,-0.27999999999999936,5.4699531343283614e-05,-0.74867,2.9686e-05,-0.27999999999999936,5.432075675675675e-05,-0.74599,2.926e-05,-0.27999999999999936,5.392601639344269e-05
-0.75239,3.2959e-05,-0.26999999999999935,5.992533234421366e-05,-0.74838,3.0279e-05,-0.26999999999999935,5.5231234234234236e-05,-0.74532,2.9942e-05,-0.26999999999999935,5.4456106267030056e-05,-0.74233,2.9725e-05,-0.26999999999999935,5.3875663072776355e-05
-0.74904,3.3313e-05,-0.25999999999999934,6.0517177514792914e-05,-0.74501,3.0592e-05,-0.25999999999999934,5.5311178041543036e-05,-0.74202,3.0177e-05,-0.25999999999999934,5.4860256684492055e-05,-0.73864,3.0325e-05,-0.25999999999999934,5.4532704142011834e-05
-0.74571,3.3667e-05,-0.24999999999999933,6.0838194610778436e-05,-0.74169,3.0879e-05,-0.24999999999999933,5.576344444444445e-05,-0.73866,3.0506e-05,-0.24999999999999933,5.4879156593406666e-05,-0.73528,3.0515e-05,-0.24999999999999933,5.4759020895522355e-05
-0.74239,3.3979e-05,-0.23999999999999932,6.072572289156624e-05,-0.73831,3.1151e-05,-0.23999999999999932,5.5811450450450464e-05,-0.73498,3.1187e-05,-0.23999999999999932,5.5189560321715895e-05,-0.73156,3.1087e-05,-0.23999999999999932,5.4772853658536624e-05
-0.73901,3.433e-05,-0.22999999999999932,6.050320359281437e-05,-0.73498,3.1368e-05,-0.22999999999999932,5.622777647058824e-05,-0.73157,3.1404e-05,-0.22999999999999932,5.528267164179105e-05,-0.72819,3.1254e-05,-0.22999999999999932,5.4984338842975265e-05
-0.7357,3.4687e-05,-0.2199999999999993,6.087914925373128e-05,-0.73161,3.158e-05,-0.2199999999999993,5.636361290322583e-05,-0.72822,3.1581e-05,-0.2199999999999993,5.582929552238801e-05,-0.72484,3.14e-05,-0.2199999999999993,5.526783739837402e-05
-0.73233,3.4973e-05,-0.2099999999999993,6.073237764350448e-05,-0.72825,3.1723e-05,-0.2099999999999993,5.6797571815718235e-05,-0.72487,3.1759e-05,-0.2099999999999993,5.6107297297297284e-05,-0.72122,3.1864e-05,-0.2099999999999993,5.5582789156626464e-05
-0.72898,3.5259e-05,-0.1999999999999993,6.049226506024095e-05,-0.72453,3.2336e-05,-0.1999999999999993,5.67972839879154e-05,-0.72122,3.2252e-05,-0.1999999999999993,5.627222590361445e-05,-0.71789,3.1965e-05,-0.1999999999999993,5.568345896656531e-05
-0.72562,3.555e-05,-0.18999999999999928,6.043551515151514e-05,-0.72121,3.2408e-05,-0.18999999999999928,5.717979614325078e-05,-0.71792,3.2302e-05,-0.18999999999999928,5.657927272727283e-05,-0.71459,3.2014e-05,-0.18999999999999928,5.5833060422960715e-05
-0.72229,3.5815e-05,-0.17999999999999927,6.025145679012361e-05,-0.71791,3.2582e-05,-0.17999999999999927,5.737643072289159e-05,-0.7146,3.2379e-05,-0.17999999999999927,5.707192432432443e-05,-0.7109,3.2523e-05,-0.17999999999999927,5.608678975741249e-05
-0.71897,3.5973e-05,-0.16999999999999926,6.0995404833836824e-05,-0.71462,3.268e-05,-0.16999999999999926,5.801678443113774e-05,-0.71125,3.2493e-05,-0.16999999999999926,5.730990178571429e-05,-0.70754,3.257e-05,-0.16999999999999926,5.6894447154471634e-05
-0.71561,3.6169e-05,-0.15999999999999925,6.132452552552552e-05,-0.71126,3.2748e-05,-0.15999999999999925,5.8166099099099124e-05,-0.70755,3.3042e-05,-0.15999999999999925,5.771864156626505e-05,-0.70422,3.2687e-05,-0.15999999999999925,5.722745504087205e-05
-0.71228,3.6423e-05,-0.14999999999999925,6.155686486486487e-05,-0.70758,3.3305e-05,-0.14999999999999925,5.8679685800604204e-05,-0.70425,3.304e-05,-0.14999999999999925,5.805876486486497e-05,-0.70092,3.274e-05,-0.14999999999999925,5.7532643243243335e-05
-0.70896,3.664e-05,-0.13999999999999924,6.179090936555896e-05,-0.70425,3.3361e-05,-0.13999999999999924,5.9367e-05,-0.7009,3.305e-05,-0.13999999999999924,5.847776417910449e-05,-0.69726,3.3121e-05,-0.13999999999999924,5.797295294117648e-05
-0.70561,3.6873e-05,-0.12999999999999923,6.22328764705883e-05,-0.70094,3.3443e-05,-0.12999999999999923,5.9624898203592846e-05,-0.69726,3.3441e-05,-0.12999999999999923,5.912082985074629e-05,-0.69386,3.3154e-05,-0.12999999999999923,5.844372282608704e-05
-0.70231,3.7032e-05,-0.11999999999999923,6.268987878787882e-05,-0.69759,3.3432e-05,-0.11999999999999923,6.023509118541035e-05,-0.6939,3.3458e-05,-0.11999999999999923,5.9610909638554226e-05,-0.69052,3.3155e-05,-0.11999999999999923,5.88163956043957e-05
-0.69896,3.7238e-05,-0.10999999999999924,6.276167663043489e-05,-0.69389,3.3951e-05,-0.10999999999999924,6.055502388059708e-05,-0.69053,3.3396e-05,-0.10999999999999924,5.9800620481927736e-05,-0.68682,3.3477e-05,-0.10999999999999924,5.9266067385444844e-05
-0.69559,3.7574e-05,-0.09999999999999924,6.3440355450237e-05,-0.69055,3.3925e-05,-0.09999999999999924,6.116292413979965e-05,-0.68683,3.3813e-05,-0.09999999999999924,6.045762511130901e-05,-0.68309,3.3627e-05,-0.09999999999999924,5.965723738872407e-05
-0.69226,3.7872e-05,-0.08999999999999925,6.414929744042369e-05,-0.68717,3.4018e-05,-0.08999999999999925,6.170624052521632e-05,-0.68343,3.3864e-05,-0.08999999999999925,6.107429358626919e-05,-0.67942,3.3886e-05,-0.08999999999999925,6.042155582089556e-05
-0.68888,3.8156e-05,-0.07999999999999925,6.450994043699496e-05,-0.68384,3.4203e-05,-0.07999999999999925,6.224705029940122e-05,-0.68012,3.3817e-05,-0.07999999999999925,6.164529243850592e-05,-0.6761,3.3759e-05,-0.07999999999999925,6.10417487148473e-05
-0.6855,3.8503e-05,-0.06999999999999926,6.501768072468078e-05,-0.68046,3.4278e-05,-0.06999999999999926,6.297358918918923e-05,-0.67645,3.4167e-05,-0.06999999999999926,6.212753272827295e-05,-0.6728,3.3653e-05,-0.06999999999999926,6.125677316206619e-05
-0.68213,3.8584e-05,-0.059999999999999255,6.549804055905739e-05,-0.67718,3.4072e-05,-0.059999999999999255,6.32763792168675e-05,-0.67316,3.4106e-05,-0.059999999999999255,6.238219134673979e-05,-0.66915,3.3926e-05,-0.059999999999999255,6.178266817496227e-05
-0.67883,3.8748e-05,-0.04999999999999925,6.630042588726515e-05,-0.67349,3.4474e-05,-0.04999999999999925,6.402142899233944e-05,-0.66981,3.4091e-05,-0.04999999999999925,6.316528438158293e-05,-0.66587,3.3788e-05,-0.04999999999999925,6.235136226749336e-05
-0.67515,3.9435e-05,-0.03999999999999925,6.669665998204135e-05,-0.67017,3.4466e-05,-0.03999999999999925,6.463109172932331e-05,-0.6665,3.3982e-05,-0.03999999999999925,6.378354326923079e-05,-0.66217,3.4112e-05,-0.03999999999999925,6.282722003631962e-05
-0.67186,3.9706e-05,-0.02999999999999925,6.71635417170496e-05,-0.66683,3.4409e-05,-0.02999999999999925,6.512261882673956e-05,-0.66313,3.3866e-05,-0.02999999999999925,6.410981197604791e-05,-0.65886,3.3896e-05,-0.02999999999999925,6.322062488728586e-05
-0.66851,3.9998e-05,-0.019999999999999248,6.797113776435045e-05,-0.66346,3.4359e-05,-0.019999999999999248,6.528335263796241e-05,-0.65948,3.4252e-05,-0.019999999999999248,6.47039200603318e-05,-0.65548,3.3786e-05,-0.019999999999999248,6.391425682568256e-05
-0.66516,4.0271e-05,-0.009999999999999247,6.856580468537197e-05,-0.66014,3.4312e-05,-0.009999999999999247,6.586061926246766e-05,-0.65619,3.4138e-05,-0.009999999999999247,6.53991863604073e-05,-0.65178,3.4096e-05,-0.009999999999999247,6.431720811926472e-05
-0.66183,4.0632e-05,7.528699885739343e-16,6.9195114572015e-05,-0.6565,3.4602e-05,7.528699885739343e-16,6.662125233363447e-05,-0.65277,3.4075e-05,7.528699885739343e-16,6.567410998676318e-05,-0.64842,3.3846e-05,7.528699885739343e-16,6.495815434274038e-05
-0.65852,4.0972e-05,0.010000000000000753,6.93411733444299e-05,-0.6531,3.448e-05,0.010000000000000753,6.725736309167166e-05,-0.64945,3.4004e-05,0.010000000000000753,6.605600313149594e-05,-0.64507,3.3713e-05,0.010000000000000753,6.531363028698634e-05
-0.65517,4.1239e-05,0.020000000000000753,7.018936320474781e-05,-0.64977,3.4399e-05,0.020000000000000753,6.743175300875286e-05,-0.64576,3.428e-05,0.020000000000000753,6.666751851851853e-05,-0.64135,3.3959e-05,0.020000000000000753,6.576483022222223e-05
-0.6518,4.1558e-05,0.030000000000000755,7.065031550802144e-05,-0.64643,3.4325e-05,0.030000000000000755,6.78506045347468e-05,-0.6424,3.4132e-05,0.030000000000000755,6.717973739742089e-05,-0.63801,3.3683e-05,0.030000000000000755,6.630713245033113e-05
-0.64842,4.1889e-05,0.04000000000000076,7.108167805167808e-05,-0.64272,3.4661e-05,0.04000000000000076,6.845696859259264e-05,-0.63904,3.4007e-05,0.04000000000000076,6.780446211312713e-05,-0.63441,3.3811e-05,0.04000000000000076,6.648637034866679e-05
-0.64507,4.2162e-05,0.05000000000000076,7.178985514728213e-05,-0.63935,3.4537e-05,0.05000000000000076,6.911223720650212e-05,-0.6354,3.4215e-05,0.05000000000000076,6.793340169133192e-05,-0.63108,3.36e-05,0.05000000000000076,6.713735092981398e-05
-0.6417,4.2439e-05,0.06000000000000076,7.210655082458775e-05,-0.63606,3.4278e-05,0.06000000000000076,6.926830094786731e-05,-0.63208,3.4022e-05,0.06000000000000076,6.839396989051096e-05,-0.62742,3.381e-05,0.06000000000000076,6.733944983818776e-05
-0.63835,4.2607e-05,0.07000000000000076,7.250297583811541e-05,-0.63274,3.4149e-05,0.07000000000000076,6.969520527251187e-05,-0.62877,3.3883e-05,0.07000000000000076,6.878860927152315e-05,-0.62412,3.3674e-05,0.07000000000000076,6.783362599940776e-05
-0.63505,4.2819e-05,0.08000000000000075,7.345105187406301e-05,-0.62911,3.4445e-05,0.08000000000000075,7.006749807976373e-05,-0.62542,3.3843e-05,0.08000000000000075,6.927560985570388e-05,-0.62074,3.3584e-05,0.08000000000000075,6.838957754010695e-05
-0.63176,4.3028e-05,0.09000000000000075,7.376969739235902e-05,-0.62578,3.4393e-05,0.09000000000000075,7.067314195298373e-05,-0.6217,3.4097e-05,0.09000000000000075,6.950811836283195e-05,-0.61708,3.3816e-05,0.09000000000000075,6.888408657351152e-05
-0.62844,4.3156e-05,0.10000000000000074,7.402880583409299e-05,-0.62247,3.431e-05,0.10000000000000074,7.058995323205243e-05,-0.6184,3.3807e-05,0.10000000000000074,6.983443239552045e-05,-0.61376,3.3662e-05,0.10000000000000074,6.877903194402186e-05
-0.62509,4.328e-05,0.11000000000000074,7.446418630136996e-05,-0.61912,3.4222e-05,0.11000000000000074,7.104027355623101e-05,-0.61511,3.3754e-05,0.11000000000000074,7.00945945945946e-05,-0.61006,3.3983e-05,0.11000000000000074,6.901073497267768e-05
-0.62172,4.3391e-05,0.12000000000000073,7.501772700296739e-05,-0.61546,3.4653e-05,0.12000000000000073,7.168702662721895e-05,-0.6114,3.4174e-05,0.12000000000000073,7.070853982300883e-05,-0.60671,3.3881e-05,0.12000000000000073,6.923894925373131e-05
-0.61808,4.3936e-05,0.13000000000000073,7.537516483516494e-05,-0.61211,3.4542e-05,0.13000000000000073,7.160362202380951e-05,-0.60806,3.4077e-05,0.13000000000000073,7.105823369565229e-05,-0.60335,3.3782e-05,0.13000000000000073,7.004205978260879e-05
-0.61512,4.3312e-05,0.14000000000000073,7.597610355029584e-05,-0.60877,3.4417e-05,0.14000000000000073,7.198634328358209e-05,-0.6047,3.4158e-05,0.14000000000000073,7.128667403314926e-05,-0.59965,3.4029e-05,0.14000000000000073,7.004645961002792e-05
-0.61143,4.3684e-05,0.15000000000000074,7.612904819277109e-05,-0.60541,3.4463e-05,0.15000000000000074,7.241016438356177e-05,-0.60135,3.4076e-05,0.15000000000000074,7.116754464285712e-05,-0.59596,3.419e-05,0.15000000000000074,7.03490722891566e-05
-0.60811,4.353e-05,0.16000000000000075,7.630025806451626e-05,-0.60205,3.4334e-05,0.16000000000000075,7.257433734939759e-05,-0.59764,3.4477e-05,0.16000000000000075,7.146525149700598e-05,-0.59233,3.4412e-05,0.16000000000000075,7.071158583106273e-05
-0.60474,4.3377e-05,0.17000000000000076,7.688687761194031e-05,-0.59835,3.4766e-05,0.17000000000000076,7.312374999999998e-05,-0.59433,3.4402e-05,0.17000000000000076,7.188863880597016e-05,-0.58899,3.4249e-05,0.17000000000000076,7.117300898203589e-05
-0.60137,4.3213e-05,0.18000000000000077,7.738537462235648e-05,-0.59496,3.4785e-05,0.18000000000000077,7.291106948640481e-05,-0.59101,3.4373e-05,0.18000000000000077,7.221969047619045e-05,-0.5857,3.4264e-05,0.18000000000000077,7.1079393442623e-05
-0.59803,4.2908e-05,0.19000000000000078,7.735753293413175e-05,-0.59171,3.4753e-05,0.19000000000000078,7.327763313609466e-05,-0.58737,3.4786e-05,0.19000000000000078,7.241346107784425e-05,-0.58201,3.4743e-05,0.19000000000000078,7.144795013850422e-05
-0.59468,4.2667e-05,0.2000000000000008,7.785059050445104e-05,-0.58835,3.4692e-05,0.2000000000000008,7.327895121951231e-05,-0.58401,3.4775e-05,0.2000000000000008,7.268649101796408e-05,-0.57866,3.465e-05,0.2000000000000008,7.172975675675687e-05
-0.59138,4.2377e-05,0.2100000000000008,7.786717824773412e-05,-0.58469,3.5192e-05,0.2100000000000008,7.352939583333331e-05,-0.58071,3.4727e-05,0.2100000000000008,7.283470108695664e-05,-0.575,3.5051e-05,0.2100000000000008,7.194529341317362e-05
-0.58806,4.2136e-05,0.2200000000000008,7.834020679012342e-05,-0.58138,3.5217e-05,0.2200000000000008,7.391641566265055e-05,-0.57738,3.4763e-05,0.2200000000000008,7.280981570996979e-05,-0.57169,3.4987e-05,0.2200000000000008,7.225324793388436e-05
-0.58475,4.1918e-05,0.23000000000000081,7.834552552552553e-05,-0.57804,3.5182e-05,0.23000000000000081,7.412487671232887e-05,-0.57374,3.5262e-05,0.23000000000000081,7.310692238805969e-05,-0.56832,3.491e-05,0.23000000000000081,7.234739274924467e-05
-0.58138,4.1631e-05,0.24000000000000082,7.847755623100306e-05,-0.57472,3.5267e-05,0.24000000000000082,7.397524096385543e-05,-0.57041,3.5271e-05,0.24000000000000082,7.34113223880597e-05,-0.56465,3.5415e-05,0.24000000000000082,7.242473972602749e-05
-0.57773,4.1855e-05,0.25000000000000083,7.867690207715136e-05,-0.57107,3.5744e-05,0.25000000000000083,7.431534319526627e-05,-0.56668,3.5884e-05,0.25000000000000083,7.356664150943405e-05,-0.56095,3.5923e-05,0.25000000000000083,7.281471641791041e-05
-0.57439,4.1634e-05,0.26000000000000084,7.920580060422956e-05,-0.56769,3.5884e-05,0.26000000000000084,7.461761585365848e-05,-0.56332,3.5941e-05,0.26000000000000084,7.3664463888889e-05,-0.55757,3.5968e-05,0.26000000000000084,7.302785318559565e-05
-0.57106,4.1421e-05,0.27000000000000085,7.920833333333334e-05,-0.56433,3.6056e-05,0.27000000000000085,7.472983561643845e-05,-0.55997,3.5962e-05,0.27000000000000085,7.390565853658546e-05,-0.55386,3.6245e-05,0.27000000000000085,7.338786486486494e-05
-0.56771,4.1277e-05,0.28000000000000086,7.932304819277108e-05,-0.56099,3.6178e-05,0.28000000000000086,7.474918918918916e-05,-0.5566,3.6086e-05,0.28000000000000086,7.42093413897281e-05,-0.55021,3.6686e-05,0.28000000000000086,7.336050759878413e-05
-0.56438,4.1189e-05,0.29000000000000087,7.995522023809527e-05,-0.55762,3.626e-05,0.29000000000000087,7.520170238095239e-05,-0.55293,3.6684e-05,0.29000000000000087,7.445027245508981e-05,-0.54694,3.6631e-05,0.29000000000000087,7.382750000000011e-05
-0.56102,4.1102e-05,0.3000000000000009,8.019897032640945e-05,-0.55429,3.623e-05,0.3000000000000009,7.557390149253725e-05,-0.54964,3.6704e-05,0.3000000000000009,7.473484272997031e-05,-0.5433,3.7003e-05,0.3000000000000009,7.420989253731343e-05
-0.55765,4.1034e-05,0.3100000000000009,8.067924324324326e-05,-0.55063,3.681e-05,0.3100000000000009,7.587004477611943e-05,-0.54633,3.6829e-05,0.3100000000000009,7.500921921921922e-05,-0.53997,3.7013e-05,0.3100000000000009,7.464181081081079e-05
-0.55429,4.0953e-05,0.3200000000000009,8.099373511904767e-05,-0.54731,3.6986e-05,0.3200000000000009,7.618329700272493e-05,-0.54298,3.6968e-05,0.3200000000000009,7.548945329670342e-05,-0.53628,3.7513e-05,0.3200000000000009,7.495402114803622e-05
-0.55097,4.0698e-05,0.3300000000000009,8.128285714285729e-05,-0.54401,3.7155e-05,0.3300000000000009,7.656557270029677e-05,-0.53932,3.7607e-05,0.3300000000000009,7.590644642857145e-05,-0.53297,3.7478e-05,0.3300000000000009,7.529915342465763e-05
-0.54731,4.1212e-05,0.3400000000000009,8.21013571428572e-05,-0.54034,3.765e-05,0.3400000000000009,7.749087500000002e-05,-0.53597,3.7747e-05,0.3400000000000009,7.663531065088758e-05,-0.52931,3.8026e-05,0.3400000000000009,7.593462702702715e-05
-0.544,4.1124e-05,0.3500000000000009,8.277834794520565e-05,-0.53702,3.7861e-05,0.3500000000000009,7.779838297872343e-05,-0.53266,3.7945e-05,0.3500000000000009,7.680814029850743e-05,-0.52596,3.8257e-05,0.3500000000000009,7.64602994011976e-05
-0.54068,4.0949e-05,0.36000000000000093,8.346055988023956e-05,-0.53366,3.8092e-05,0.36000000000000093,7.864519277108435e-05,-0.52901,3.8529e-05,0.36000000000000093,7.778117297297308e-05,-0.52264,3.8276e-05,0.36000000000000093,7.711313017751481e-05
-0.53734,4.1092e-05,0.37000000000000094,8.38150710059172e-05,-0.53037,3.8166e-05,0.37000000000000094,7.892013043478278e-05,-0.52568,3.8543e-05,0.37000000000000094,7.827501876675617e-05,-0.51894,3.8763e-05,0.37000000000000094,7.768637500000003e-05
-0.53399,4.126e-05,0.38000000000000095,8.436331137724557e-05,-0.52667,3.8884e-05,0.38000000000000095,7.967234319526629e-05,-0.522,3.9209e-05,0.38000000000000095,7.898325409836079e-05,-0.51523,3.9466e-05,0.38000000000000095,7.835305405405407e-05
-0.53068,4.1376e-05,0.39000000000000096,8.47994686648503e-05,-0.52333,3.9056e-05,0.39000000000000096,8.032243646408853e-05,-0.51862,3.9378e-05,0.39000000000000096,7.939864187327834e-05,-0.51188,3.9615e-05,0.39000000000000096,7.896356574923543e-05
-0.52699,4.2047e-05,0.40000000000000097,8.538616766467068e-05,-0.51998,3.9275e-05,0.40000000000000097,8.064447411444155e-05,-0.51525,3.9573e-05,0.40000000000000097,7.969969230769243e-05,-0.50855,3.9797e-05,0.40000000000000097,7.928290419161673e-05
-0.52368,4.22e-05,0.410000000000001,8.545852409638556e-05,-0.51628,3.9934e-05,0.410000000000001,8.070817117117116e-05,-0.51156,4.0298e-05,0.410000000000001,8.016704216867467e-05,-0.50494,4.041e-05,0.410000000000001,7.951060660660661e-05
-0.5203,4.2323e-05,0.420000000000001,8.572347181008905e-05,-0.51292,4.0207e-05,0.420000000000001,8.1141125e-05,-0.50825,4.0468e-05,0.420000000000001,8.022524999999993e-05,-0.50158,4.0611e-05,0.420000000000001,7.985528358208949e-05
-0.51695,4.2543e-05,0.430000000000001,8.561568421052636e-05,-0.50958,4.0478e-05,0.430000000000001,8.106910979228485e-05,-0.50495,4.0533e-05,0.430000000000001,8.019374328358206e-05,-0.49794,4.1258e-05,0.430000000000001,7.991401529051978e-05
-0.51355,4.277e-05,0.440000000000001,8.561884179104471e-05,-0.50629,4.0678e-05,0.440000000000001,8.097933423913054e-05,-0.50161,4.0788e-05,0.440000000000001,7.997911111111106e-05,-0.49462,4.1393e-05,0.440000000000001,7.966984290030205e-05
-0.51023,4.2936e-05,0.450000000000001,8.529636144578304e-05,-0.50295,4.0847e-05,0.450000000000001,8.0613659574468e-05,-0.49794,4.1529e-05,0.450000000000001,7.968177477477468e-05,-0.49126,4.1608e-05,0.450000000000001,7.931091891891882e-05
-0.50691,4.3119e-05,0.460000000000001,8.481774999999996e-05,-0.49928,4.1588e-05,0.460000000000001,8.030971698113213e-05,-0.49466,4.1673e-05,0.460000000000001,7.94771861861861e-05,-0.48766,4.2153e-05,0.460000000000001,7.892916964285703e-05
-0.50358,4.3293e-05,0.47000000000000103,8.473511904761897e-05,-0.49593,4.1716e-05,0.47000000000000103,8.003811976047902e-05,-0.49128,4.1935e-05,0.47000000000000103,7.901090990990979e-05,-0.4843,4.2332e-05,0.47000000000000103,7.883950000000004e-05
-0.50029,4.3484e-05,0.48000000000000104,8.390212612612603e-05,-0.49261,4.1899e-05,0.48000000000000104,7.951507671232883e-05,-0.48798,4.2117e-05,0.48000000000000104,7.852404281345555e-05,-0.48094,4.2571e-05,0.48000000000000104,7.804057967032973e-05
-0.49694,4.3792e-05,0.49000000000000105,8.351505962059625e-05,-0.48896,4.2624e-05,0.49000000000000105,7.893826975476843e-05,-0.48432,4.2774e-05,0.49000000000000105,7.791665454545444e-05,-0.47725,4.296e-05,0.49000000000000105,7.778930091185396e-05
-0.49327,4.4469e-05,0.500000000000001,8.271078106508872e-05,-0.48564,4.2707e-05,0.500000000000001,7.873357142857135e-05,-0.48095,4.2895e-05,0.500000000000001,7.767126726726718e-05,-0.47356,4.3584e-05,0.500000000000001,7.720121686746975e-05
-0.48992,4.4821e-05,0.510000000000001,8.239448664688422e-05,-0.48194,4.3383e-05,0.510000000000001,7.829404204204197e-05,-0.47727,4.3636e-05,0.510000000000001,7.733364670658673e-05,-0.46985,4.4233e-05,0.510000000000001,7.671491176470582e-05
-0.48696,4.4551e-05,0.520000000000001,8.154678723404243e-05,-0.47862,4.3569e-05,0.520000000000001,7.737015760869569e-05,-0.47391,4.3851e-05,0.520000000000001,7.667456948228889e-05,-0.46653,4.4293e-05,0.520000000000001,7.624840437158475e-05
-0.48325,4.54e-05,0.530000000000001,8.13678059701492e-05,-0.47524,4.3788e-05,0.530000000000001,7.690636144578305e-05,-0.47055,4.4117e-05,0.530000000000001,7.628430303030293e-05,-0.4632,4.4244e-05,0.530000000000001,7.573196756756764e-05
-0.47992,4.5743e-05,0.540000000000001,8.092882352941166e-05,-0.47158,4.4533e-05,0.540000000000001,7.688017857142853e-05,-0.4672,4.4368e-05,0.540000000000001,7.590028313253005e-05,-0.45958,4.4715e-05,0.540000000000001,7.584004065040656e-05
-0.47657,4.6023e-05,0.550000000000001,8.09764047619047e-05,-0.46819,4.4871e-05,0.550000000000001,7.704661791044771e-05,-0.46389,4.4564e-05,0.550000000000001,7.622377837837845e-05,-0.45594,4.5325e-05,0.550000000000001,7.569651632047471e-05
-0.47322,4.6288e-05,0.560000000000001,8.061996987951799e-05,-0.46491,4.5076e-05,0.560000000000001,7.659516969696965e-05,-0.46059,4.4798e-05,0.560000000000001,7.579012121212113e-05,-0.4526,4.5493e-05,0.560000000000001,7.559355801104981e-05
-0.46987,4.6595e-05,0.5700000000000011,8.038610326086963e-05,-0.46159,4.5187e-05,0.5700000000000011,7.665249999999995e-05,-0.45697,4.5422e-05,0.5700000000000011,7.58855164179104e-05,-0.44927,4.5565e-05,0.5700000000000011,7.54536438356165e-05
-0.46656,4.6792e-05,0.5800000000000011,8.041624848484846e-05,-0.45829,4.5398e-05,0.5800000000000011,7.671145901639356e-05,-0.45361,4.5612e-05,0.5800000000000011,7.584417365269452e-05,-0.44562,4.6154e-05,0.5800000000000011,7.542849848942591e-05
-0.46323,4.6979e-05,0.5900000000000011,8.047662017804159e-05,-0.45494,4.5601e-05,0.5900000000000011,7.67584770889489e-05,-0.45025,4.5692e-05,0.5900000000000011,7.611858651026392e-05,-0.44232,4.6146e-05,0.5900000000000011,7.551427027027038e-05
-0.45994,4.7184e-05,0.6000000000000011,8.115723100303953e-05,-0.45163,4.5833e-05,0.6000000000000011,7.717579120879132e-05,-0.44662,4.6257e-05,0.6000000000000011,7.646172727272723e-05,-0.43895,4.6311e-05,0.6000000000000011,7.585218072289152e-05
-0.45659,4.7494e-05,0.6100000000000011,8.123300000000001e-05,-0.44798,4.6511e-05,0.6100000000000011,7.727328059701495e-05,-0.44327,4.6357e-05,0.6100000000000011,7.67023462686567e-05,-0.43523,4.6872e-05,0.6100000000000011,7.586836904761897e-05
-0.45329,4.7826e-05,0.6200000000000011,8.164846808510636e-05,-0.44463,4.6606e-05,0.6200000000000011,7.784608132530119e-05,-0.43996,4.6549e-05,0.6200000000000011,7.686224657534259e-05,-0.43191,4.6908e-05,0.6200000000000011,7.645988828337885e-05
-0.44993,4.808e-05,0.6300000000000011,8.251248358208956e-05,-0.44131,4.6816e-05,0.6300000000000011,7.85174328358209e-05,-0.43626,4.7211e-05,0.6300000000000011,7.752658823529426e-05,-0.4282,4.7521e-05,0.6300000000000011,7.687507185628738e-05
-0.44662,4.8393e-05,0.6400000000000011,8.274657738095237e-05,-0.43793,4.6881e-05,0.6400000000000011,7.866239465875374e-05,-0.43292,4.7354e-05,0.6400000000000011,7.7854471641791e-05,-0.42485,4.7504e-05,0.6400000000000011,7.73074131736527e-05
-0.4433,4.8598e-05,0.6500000000000011,8.329973636363638e-05,-0.43423,4.7498e-05,0.6500000000000011,7.920897891566265e-05,-0.42955,4.7548e-05,0.6500000000000011,7.817797597597593e-05,-0.42155,4.7569e-05,0.6500000000000011,7.774045179063372e-05
-0.43997,4.8841e-05,0.6600000000000011,8.422303763440884e-05,-0.43089,4.7732e-05,0.6600000000000011,7.960747967479695e-05,-0.42621,4.7697e-05,0.6600000000000011,7.864618584070797e-05,-0.41789,4.8054e-05,0.6600000000000011,7.82949636363636e-05
-0.43661,4.9152e-05,0.6700000000000012,8.443286956521762e-05,-0.42718,4.8333e-05,0.6700000000000012,8.014427108433737e-05,-0.42254,4.8342e-05,0.6700000000000012,7.92115e-05,-0.41458,4.8058e-05,0.6700000000000012,7.856257692307691e-05
-0.43325,4.9491e-05,0.6800000000000012,8.491820178041549e-05,-0.42385,4.8228e-05,0.6800000000000012,8.072577218934911e-05,-0.41922,4.8392e-05,0.6800000000000012,7.980092307692309e-05,-0.41123,4.8141e-05,0.6800000000000012,7.90300560000001e-05
-0.42988,4.9825e-05,0.6900000000000012,8.569064741641341e-05,-0.42054,4.8314e-05,0.6900000000000012,8.111440217391321e-05,-0.41593,4.8445e-05,0.6900000000000012,8.01765917159763e-05,-0.40759,4.8618e-05,0.6900000000000012,7.963290358126733e-05
-0.4262,5.0497e-05,0.7000000000000012,8.595203603603603e-05,-0.4169,4.8808e-05,0.7000000000000012,8.136123423423426e-05,-0.41258,4.8488e-05,0.7000000000000012,8.054566467065866e-05,-0.40424,4.8474e-05,0.7000000000000012,8.001027927927924e-05
-0.4229,5.0588e-05,0.7100000000000012,8.682654742547444e-05,-0.41358,4.8796e-05,0.7100000000000012,8.167376646706588e-05,-0.40893,4.9005e-05,0.7100000000000012,8.072491124260354e-05,-0.40062,4.8888e-05,0.7100000000000012,8.017470270270266e-05
-0.41957,5.072e-05,0.7200000000000012,8.712535820895525e-05,-0.41026,4.899e-05,0.7200000000000012,8.225195535714282e-05,-0.4056,4.9018e-05,0.7200000000000012,8.119600600600597e-05,-0.39694,4.9329e-05,0.7200000000000012,8.062296495956888e-05
-0.41625,5.104e-05,0.7300000000000012,8.771375903614454e-05,-0.40693,4.9025e-05,0.7300000000000012,8.255320298507462e-05,-0.40233,4.9092e-05,0.7300000000000012,8.150821084337346e-05,-0.3936,4.9329e-05,0.7300000000000012,8.092918072289148e-05
-0.41291,5.1212e-05,0.7400000000000012,8.764159281437125e-05,-0.40327,4.9671e-05,0.7400000000000012,8.266545945945949e-05,-0.39897,4.9131e-05,0.7400000000000012,8.19218263473054e-05,-0.39024,4.9335e-05,0.7400000000000012,8.096523076923088e-05
-0.4096,5.1475e-05,0.7500000000000012,8.822694545454542e-05,-0.39996,4.9698e-05,0.7500000000000012,8.284889189189187e-05,-0.39527,4.966e-05,0.7500000000000012,8.213888736263749e-05,-0.38653,4.968e-05,0.7500000000000012,8.097912295081981e-05
-0.40624,5.18e-05,0.7600000000000012,8.854825443786984e-05,-0.39657,4.9728e-05,0.7600000000000012,8.314006249999996e-05,-0.39189,4.9691e-05,0.7600000000000012,8.244960377358504e-05,-0.3832,4.9453e-05,0.7600000000000012,8.170991056910583e-05
-0.40294,5.2071e-05,0.7700000000000012,8.878000000000018e-05,-0.39323,4.9714e-05,0.7700000000000012,8.358754098360669e-05,-0.38821,5.0184e-05,0.7700000000000012,8.264618256130805e-05,-0.37958,4.9765e-05,0.7700000000000012,8.207491017964071e-05
-0.39961,5.2285e-05,0.7800000000000012,8.922410810810812e-05,-0.38959,5.041e-05,0.7800000000000012,8.384768955223885e-05,-0.38489,5.025e-05,0.7800000000000012,8.280130684931525e-05,-0.37592,5.0228e-05,0.7800000000000012,8.231573076923091e-05
-0.39656,5.2154e-05,0.7900000000000013,8.947912048192771e-05,-0.38623,5.0353e-05,0.7900000000000013,8.444444594594615e-05,-0.38151,5.0303e-05,0.7900000000000013,8.305784383561662e-05,-0.37258,5.0162e-05,0.7900000000000013,8.256820783132524e-05
-0.39326,5.2436e-05,0.8000000000000013,8.991627409638559e-05,-0.38287,5.0581e-05,0.8000000000000013,8.464441887905607e-05,-0.37825,5.0246e-05,0.8000000000000013,8.392739639639638e-05,-0.36895,5.0547e-05,0.8000000000000013,8.278388690476191e-05
-0.38987,5.2664e-05,0.8100000000000013,9.028283775811214e-05,-0.37955,5.0597e-05,0.8100000000000013,8.49342182890856e-05,-0.37457,5.0773e-05,0.8100000000000013,8.417863243243259e-05,-0.36559,5.0578e-05,0.8100000000000013,8.304577027027042e-05
-0.38653,5.2943e-05,0.8200000000000013,9.085075226586105e-05,-0.37623,5.0674e-05,0.8200000000000013,8.552857057057053e-05,-0.37123,5.0672e-05,0.8200000000000013,8.44006306306306e-05,-0.36223,5.0391e-05,0.8200000000000013,8.358924169184285e-05
-0.38319,5.3246e-05,0.8300000000000013,9.133088656716417e-05,-0.37259,5.1109e-05,0.8300000000000013,8.607878571428575e-05,-0.36792,5.0728e-05,0.8300000000000013,8.485196428571428e-05,-0.35861,5.0781e-05,0.8300000000000013,8.400901483679527e-05
-0.37988,5.3381e-05,0.8400000000000013,9.179789820359284e-05,-0.36924,5.1185e-05,0.8400000000000013,8.672455585831086e-05,-0.36455,5.0819e-05,0.8400000000000013,8.544282089552241e-05,-0.35523,5.0821e-05,0.8400000000000013,8.461532432432441e-05
-0.37655,5.3533e-05,0.8500000000000013,9.276770149253736e-05,-0.36592,5.1392e-05,0.8500000000000013,8.738614956011739e-05,-0.36088,5.1369e-05,0.8500000000000013,8.626421176470592e-05,-0.35155,5.1287e-05,0.8500000000000013,8.56703064516131e-05
-0.37323,5.3689e-05,0.8600000000000013,9.381713069908823e-05,-0.36257,5.143e-05,0.8600000000000013,8.822572881355915e-05,-0.35758,5.1366e-05,0.8600000000000013,8.680930395136774e-05,-0.34819,5.1284e-05,0.8600000000000013,8.62466676646707e-05
-0.36989,5.3937e-05,0.8700000000000013,9.398806382978722e-05,-0.35923,5.1563e-05,0.8700000000000013,8.881716867469884e-05,-0.35424,5.1426e-05,0.8700000000000013,8.768331232876733e-05,-0.34448,5.1753e-05,0.8700000000000013,8.686141964285723e-05
-0.36661,5.4031e-05,0.8800000000000013,9.524670652173938e-05,-0.3559,5.1705e-05,0.8800000000000013,8.960506504065065e-05,-0.3509,5.1443e-05,0.8800000000000013,8.881850151057397e-05,-0.34113,5.1578e-05,0.8800000000000013,8.77399545454546e-05
-0.36292,5.4764e-05,0.8900000000000013,9.629125225225239e-05,-0.35256,5.1882e-05,0.8900000000000013,9.082822455089833e-05,-0.34719,5.2045e-05,0.8900000000000013,8.968572972972984e-05,-0.33747,5.192e-05,0.8900000000000013,8.878846268656725e-05
-0.35961,5.4945e-05,0.9000000000000014,9.771454954954964e-05,-0.34884,5.2349e-05,0.9000000000000014,9.215129357798178e-05,-0.34378,5.2127e-05,0.9000000000000014,9.087369696969701e-05,-0.33417,5.1735e-05,0.9000000000000014,8.975971428571436e-05
-0.35625,5.5086e-05,0.9100000000000014,9.876873553719036e-05,-0.34549,5.242e-05,0.9100000000000014,9.360834146341497e-05,-0.34043,5.2117e-05,0.9100000000000014,9.206398516320487e-05,-0.3305,5.2133e-05,0.9100000000000014,9.112375890410984e-05
-0.3529,5.5297e-05,0.9200000000000014,0.00010024133333333351,-0.3421,5.2596e-05,0.9200000000000014,9.481740963855438e-05,-0.3368,5.2496e-05,0.9200000000000014,9.355641538461552e-05,-0.32714,5.1949e-05,0.9200000000000014,9.255917117117125e-05
-0.34954,5.5578e-05,0.9300000000000014,0.00010212810089020794,-0.33878,5.2656e-05,0.9300000000000014,9.662020359281452e-05,-0.33348,5.246e-05,0.9300000000000014,9.524317824773432e-05,-0.32353,5.2387e-05,0.9300000000000014,9.431045430107562e-05
-0.3462,5.5827e-05,0.9400000000000014,0.00010386089552238833,-0.3355,5.2636e-05,0.9400000000000014,9.880154867256663e-05,-0.33017,5.2282e-05,0.9400000000000014,9.730960240963877e-05,-0.32019,5.2409e-05,0.9400000000000014,9.61274336043364e-05
-0.34278,5.6068e-05,0.9500000000000014,0.00010616245508982065,-0.33214,5.2806e-05,0.9500000000000014,0.0001008815068493155,-0.3268,5.2355e-05,0.9500000000000014,9.930886865671666e-05,-0.31685,5.2249e-05,0.9500000000000014,9.8405817910448e-05
-0.33944,5.6378e-05,0.9600000000000014,0.00010817202185792414,-0.32845,5.3327e-05,0.9600000000000014,0.00010324594029850778,-0.32314,5.2817e-05,0.9600000000000014,0.00010180234332425113,-0.31321,5.2754e-05,0.9600000000000014,0.00010073616314199421
-0.33616,5.6542e-05,0.9700000000000014,0.00011122029900332241,-0.32516,5.335e-05,0.9700000000000014,0.00010602823529411802,-0.31984,5.2783e-05,0.9700000000000014,0.00010440077611940334,-0.3098,5.2771e-05,0.9700000000000014,0.00010329824797843717
-0.33283,5.6622e-05,0.9800000000000014,0.00011397460264900709,-0.32182,5.3461e-05,0.9800000000000014,0.00010925408284023708,-0.31652,5.2804e-05,0.9800000000000014,0.00010748164179104518,-0.3061,5.3194e-05,0.9800000000000014,0.00010627520958083871
-0.32952,5.6831e-05,0.9900000000000014,0.00011720590604026895,-0.3185,5.3462e-05,0.9900000000000014,0.00011252612612612656,-0.31285,5.3345e-05,0.9900000000000014,0.00011076115151515194,-0.30276,5.3188e-05,0.9900000000000014,0.00010941544615384654
-0.32617,5.7105e-05,1.0000000000000013,0.0001204010703363921,-0.31517,5.3554e-05,1.0000000000000013,0.00011597833787466003,-0.30948,5.3323e-05,1.0000000000000013,0.00011422791044776162,-0.29939,5.3033e-05,1.0000000000000013,0.00011290301775147969
-0.32281,5.7356e-05,1.0,0.00011224110367892977,-0.31181,5.3626e-05,1.0,0.00010790930722891569,-0.3061,5.3404e-05,1.0,0.00010647217522658601,-0.29572,5.3385e-05,1.0,0.00010514754601227
-0.31952,5.7539e-05,0.99,9.459570180722889e-05,-0.30843,5.369e-05,0.99,9.070422131147538e-05,-0.30277,5.3291e-05,0.99,8.91475928143713e-05,-0.29241,5.3288e-05,0.99,8.783667036011073e-05
-0.31621,5.7717e-05,0.98,8.091992857142853e-05,-0.30476,5.4118e-05,0.98,7.724987533875338e-05,-0.29905,5.3696e-05,0.98,7.577544578313256e-05,-0.28879,5.3582e-05,0.98,7.474493768545987e-05
-0.31286,5.7881e-05,0.97,6.935580769230769e-05,-0.30139,5.4166e-05,0.97,6.60254516129032e-05,-0.29573,5.3617e-05,0.97,6.461568343195258e-05,-0.28511,5.3837e-05,0.97,6.359318263473047e-05
-0.30948,5.8135e-05,0.96,5.918666666666664e-05,-0.29809,5.418e-05,0.96,5.6208071856287435e-05,-0.2921,5.4086e-05,0.96,5.481614371257484e-05,-0.2818,5.3717e-05,0.96,5.396934328358209e-05
-0.30611,5.8246e-05,0.95,5.020544578313249e-05,-0.29474,5.4247e-05,0.95,4.719339156626507e-05,-0.28877,5.3955e-05,0.95,4.6070201807228844e-05,-0.27814,5.4142e-05,0.95,4.5222839237057204e-05
-0.30277,5.8466e-05,0.94,4.2072095808383186e-05,-0.29144,5.4218e-05,0.94,3.925753658536584e-05,-0.28545,5.3902e-05,0.94,3.825059281437119e-05,-0.2748,5.3935e-05,0.94,3.754697831978316e-05
-0.29939,5.871e-05,0.9299999999999999,3.447282686567158e-05,-0.28781,5.4658e-05,0.9299999999999999,3.190999999999997e-05,-0.28178,5.434e-05,0.9299999999999999,3.0979679640718524e-05,-0.2715,5.3701e-05,0.9299999999999999,3.034571257485026e-05
-0.29608,5.8953e-05,0.9199999999999999,2.7597454545454495e-05,-0.28447,5.4692e-05,0.9199999999999999,2.5200024390243883e-05,-0.27845,5.4304e-05,0.9199999999999999,2.4298005494505445e-05,-0.26779,5.4133e-05,0.9199999999999999,2.3940741758241693e-05
-0.29278,5.8925e-05,0.9099999999999999,2.1164674698795127e-05,-0.28114,5.4641e-05,0.9099999999999999,1.9080207207207135e-05,-0.27514,5.4165e-05,0.9099999999999999,1.8365692098092583e-05,-0.26438,5.4092e-05,0.9099999999999999,1.776763283582085e-05
-0.28949,5.9131e-05,0.8999999999999999,1.5627444141689333e-05,-0.27779,5.4813e-05,0.8999999999999999,1.3542983471074303e-05,-0.27178,5.4233e-05,0.8999999999999999,1.2938581967213066e-05,-0.26072,5.4531e-05,0.8999999999999999,1.2375242506811916e-05
-0.28617,5.9342e-05,0.8899999999999999,1.0291322985074579e-05,-0.27444,5.4762e-05,0.8899999999999999,8.358597922848623e-06,-0.26811,5.4693e-05,0.8899999999999999,7.833833152173861e-06,-0.25734,5.4539e-05,0.8899999999999999,7.5400273273272685e-06
-0.28284,5.9485e-05,0.8799999999999999,5.489636526946075e-06,-0.27078,5.5231e-05,0.8799999999999999,3.4923094955488996e-06,-0.26474,5.4646e-05,0.8799999999999999,2.984695481927677e-06,-0.25398,5.4517e-05,0.8799999999999999,2.912657910447699e-06
-0.27947,5.9413e-05,0.8699999999999999,8.915687202380386e-07,-0.26745,5.5232e-05,0.8699999999999999,-5.043931506849802e-07,-0.26138,5.4692e-05,0.8699999999999999,-1.236630746268711e-06,-0.25036,5.4776e-05,0.8699999999999999,-1.2090056193353775e-06
-0.27582,6.0042e-05,0.8599999999999999,-2.9149152905199156e-06,-0.26407,5.5337e-05,0.8599999999999999,-4.63055182926834e-06,-0.25764,5.5148e-05,0.8599999999999999,-5.076093750000075e-06,-0.24701,5.4618e-05,0.8599999999999999,-5.133815384615428e-06
-0.27249,5.9881e-05,0.8499999999999999,-6.9538215339233586e-06,-0.26072,5.5299e-05,0.8499999999999999,-8.178905630026865e-06,-0.25432,5.4896e-05,0.8499999999999999,-8.741186898395779e-06,-0.24372,5.4299e-05,0.8499999999999999,-8.71906294117651e-06
-0.26912,5.9941e-05,0.8399999999999999,-9.935267867867922e-06,-0.25735,5.5356e-05,0.8399999999999999,-1.1456446107784485e-05,-0.25101,5.4769e-05,0.8399999999999999,-1.1709567567567608e-05,-0.24006,5.4769e-05,0.8399999999999999,-1.1893121293800609e-05
-0.26579,6.0039e-05,0.8299999999999998,-1.3233654054054128e-05,-0.254,5.5442e-05,0.8299999999999998,-1.4619369047619084e-05,-0.24737,5.5166e-05,0.8299999999999998,-1.4724973372781111e-05,-0.23637,5.5006e-05,0.8299999999999998,-1.4699011834319551e-05
-0.26209,6.0464e-05,0.8199999999999998,-1.5860578313253043e-05,-0.25037,5.5758e-05,0.8199999999999998,-1.6983108433734966e-05,-0.24409,5.5174e-05,0.8199999999999998,-1.7335264305177163e-05,-0.23306,5.4707e-05,0.8199999999999998,-1.7177460606060642e-05
-0.25871,6.055e-05,0.8099999999999998,-1.8572439024390312e-05,-0.24704,5.5807e-05,0.8099999999999998,-1.947748802395213e-05,-0.24077,5.5101e-05,0.8099999999999998,-1.9463296735905077e-05,-0.22943,5.5036e-05,0.8099999999999998,-1.9418976331360972e-05
-0.25535,6.038e-05,0.7999999999999998,-2.0713891891891924e-05,-0.24373,5.5783e-05,0.7999999999999998,-2.164747554347832e-05,-0.23704,5.553e-05,0.7999999999999998,-2.1974258064516168e-05,-0.22608,5.4744e-05,0.7999999999999998,-2.2056708108108154e-05
-0.25169,6.0864e-05,0.7899999999999998,-2.2597182370820703e-05,-0.24039,5.5807e-05,0.7899999999999998,-2.3805006060606085e-05,-0.23371,5.5465e-05,0.7899999999999998,-2.3778356495468306e-05,-0.2224,5.5128e-05,0.7899999999999998,-2.3827381868131914e-05
-0.24835,6.0813e-05,0.7799999999999998,-2.4701002967359085e-05,-0.23706,5.5845e-05,0.7799999999999998,-2.5615133514986432e-05,-0.2304,5.5281e-05,0.7799999999999998,-2.5587236363636387e-05,-0.21871,5.5343e-05,0.7799999999999998,-2.565144072948331e-05
-0.24509,6.0691e-05,0.7699999999999998,-2.6182614457831348e-05,-0.23372,5.5737e-05,0.7699999999999998,-2.7005243243243266e-05,-0.22705,5.5295e-05,0.7699999999999998,-2.709725073746315e-05,-0.21533,5.5286e-05,0.7699999999999998,-2.7077054216867488e-05
-0.24176,6.0801e-05,0.7599999999999998,-2.799994970414204e-05,-0.23012,5.6227e-05,0.7599999999999998,-2.876063798219587e-05,-0.2234,5.578e-05,0.7599999999999998,-2.8577811209439548e-05,-0.21163,5.568e-05,0.7599999999999998,-2.8628983739837438e-05
-0.23844,6.0659e-05,0.7499999999999998,-2.9306734417344224e-05,-0.22672,5.6249e-05,0.7499999999999998,-2.9984819444444483e-05,-0.22001,5.583e-05,0.7499999999999998,-2.990629850746271e-05,-0.20831,5.5482e-05,0.7499999999999998,-2.984990109890114e-05
-0.23508,6.0639e-05,0.7399999999999998,-3.046757142857146e-05,-0.2234,5.6232e-05,0.7399999999999998,-3.137242469879519e-05,-0.21666,5.5594e-05,0.7399999999999998,-3.1048344410876146e-05,-0.20505,5.528e-05,0.7399999999999998,-3.134857220708451e-05
-0.23178,6.0508e-05,0.7299999999999998,-3.133665957446809e-05,-0.21999,5.6364e-05,0.7299999999999998,-3.2046238227146856e-05,-0.21297,5.6151e-05,0.7299999999999998,-3.237012011173188e-05,-0.20137,5.5753e-05,0.7299999999999998,-3.220752892561987e-05
-0.22844,6.0499e-05,0.7199999999999998,-3.2654648648648665e-05,-0.21667,5.6354e-05,0.7199999999999998,-3.3472443786982254e-05,-0.20964,5.6102e-05,0.7199999999999998,-3.3317888888888886e-05,-0.19808,5.5586e-05,0.7199999999999998,-3.304733333333338e-05
-0.22475,6.0931e-05,0.7099999999999997,-3.3970127272727285e-05,-0.21331,5.6428e-05,0.7099999999999997,-3.4467111111111116e-05,-0.20635,5.5835e-05,0.7099999999999997,-3.421960360360361e-05,-0.19435,5.5996e-05,0.7099999999999997,-3.4070886227544906e-05
-0.2214,6.0997e-05,0.6999999999999997,-3.460322492401217e-05,-0.20962,5.684e-05,0.6999999999999997,-3.501175409836071e-05,-0.20271,5.6291e-05,0.6999999999999997,-3.4965053892215575e-05,-0.19104,5.5845e-05,0.6999999999999997,-3.4920902439024426e-05
-0.21805,6.0715e-05,0.6899999999999997,-3.532627794561936e-05,-0.20636,5.6803e-05,0.6899999999999997,-3.581221917808222e-05,-0.19939,5.6268e-05,0.6899999999999997,-3.5786252054794557e-05,-0.18773,5.5807e-05,0.6899999999999997,-3.5621438692098114e-05
-0.21467,6.0776e-05,0.6799999999999997,-3.627122155688623e-05,-0.20304,5.6823e-05,0.6799999999999997,-3.6730891598916024e-05,-0.19603,5.6232e-05,0.6799999999999997,-3.6357363363363376e-05,-0.18402,5.6208e-05,0.6799999999999997,-3.599891152815017e-05
-0.21133,6.0826e-05,0.6699999999999997,-3.689855555555557e-05,-0.19973,5.6795e-05,0.6699999999999997,-3.74703143712575e-05,-0.19269,5.6188e-05,0.6699999999999997,-3.728383233532936e-05,-0.18075,5.5994e-05,0.6699999999999997,-3.69716006097561e-05
-0.20802,6.0593e-05,0.6599999999999997,-3.7768663043478305e-05,-0.19639,5.6816e-05,0.6599999999999997,-3.816912238805971e-05,-0.18906,5.6716e-05,0.6599999999999997,-3.786712312312313e-05,-0.17704,5.6453e-05,0.6599999999999997,-3.749959878419454e-05
-0.20474,6.0465e-05,0.6499999999999997,-3.797914803625377e-05,-0.19304,5.6782e-05,0.6499999999999997,-3.842472424242424e-05,-0.18573,5.6698e-05,0.6499999999999997,-3.844526229508201e-05,-0.17366,5.6461e-05,0.6499999999999997,-3.8065262195121946e-05
-0.2014,6.0526e-05,0.6399999999999997,-3.856348502994011e-05,-0.18941,5.7257e-05,0.6399999999999997,-3.913629850746269e-05,-0.18237,5.6735e-05,0.6399999999999997,-3.872767924528307e-05,-0.16997,5.6898e-05,0.6399999999999997,-3.8424169139465885e-05
-0.19808,6.0446e-05,0.6299999999999997,-3.93826646706587e-05,-0.18609,5.7215e-05,0.6299999999999997,-3.967587601078172e-05,-0.17867,5.7261e-05,0.6299999999999997,-3.931951497005986e-05,-0.16664,5.6795e-05,0.6299999999999997,-3.9052173652694605e-05
-0.19471,6.0559e-05,0.6199999999999997,-3.927263283582086e-05,-0.18273,5.7272e-05,0.6199999999999997,-4.0124081570996984e-05,-0.17532,5.7231e-05,0.6199999999999997,-3.970928012048193e-05,-0.16334,5.6726e-05,0.6199999999999997,-3.980212874251496e-05
-0.1914,6.0458e-05,0.6099999999999997,-3.990885714285716e-05,-0.17941,5.7399e-05,0.6099999999999997,-4.065967469879514e-05,-0.17195,5.7307e-05,0.6099999999999997,-4.0175680597014924e-05,-0.15967,5.7277e-05,0.6099999999999997,-4.0218951367781165e-05
-0.1881,6.0405e-05,0.5999999999999996,-4.04954376899696e-05,-0.17569,5.8002e-05,0.5999999999999996,-4.079807901907362e-05,-0.16859,5.7312e-05,0.5999999999999996,-4.0497850746268655e-05,-0.15632,5.718e-05,0.5999999999999996,-4.059001183431951e-05
-0.18478,6.0431e-05,0.5899999999999996,-4.085500000000002e-05,-0.17232,5.7989e-05,0.5899999999999996,-4.1200567567567535e-05,-0.16531,5.7279e-05,0.5899999999999996,-4.110427810650888e-05,-0.15302,5.7158e-05,0.5899999999999996,-4.077805988023951e-05
-0.18139,5.9946e-05,0.5799999999999996,-4.1277841791044786e-05,-0.16898,5.8029e-05,0.5799999999999996,-4.193244293478266e-05,-0.16165,5.7742e-05,0.5799999999999996,-4.171919618528616e-05,-0.14932,5.7617e-05,0.5799999999999996,-4.1360445355191294e-05
-0.17734,6.0836e-05,0.5699999999999996,-4.182922560975606e-05,-0.16568,5.7943e-05,0.5699999999999996,-4.19964776119403e-05,-0.15833,5.7695e-05,0.5699999999999996,-4.19943800539084e-05,-0.14602,5.7477e-05,0.5699999999999996,-4.160214199395767e-05
-0.17401,6.0847e-05,0.5599999999999996,-4.205824316109421e-05,-0.16235,5.8092e-05,0.5599999999999996,-4.220060975609753e-05,-0.15497,5.7744e-05,0.5599999999999996,-4.223979999999999e-05,-0.14236,5.7932e-05,0.5599999999999996,-4.188834254143651e-05
-0.17062,6.1025e-05,0.5499999999999996,-4.223525753424662e-05,-0.15902,5.8197e-05,0.5499999999999996,-4.2559902077151336e-05,-0.15167,5.782e-05,0.5499999999999996,-4.256371556886226e-05,-0.13896,5.7991e-05,0.5499999999999996,-4.240016417910447e-05
-0.16731,6.0867e-05,0.5399999999999996,-4.2698185628742524e-05,-0.15569,5.833e-05,0.5399999999999996,-4.300685714285717e-05,-0.14797,5.8349e-05,0.5399999999999996,-4.291783870967746e-05,-0.13561,5.8092e-05,0.5399999999999996,-4.270046107784431e-05
-0.16369,6.1288e-05,0.5299999999999996,-4.282200000000001e-05,-0.15202,5.8734e-05,0.5299999999999996,-4.342429518072289e-05,-0.14469,5.8335e-05,0.5299999999999996,-4.333927627627626e-05,-0.13226,5.8195e-05,0.5299999999999996,-4.29418964577657e-05
-0.16035,6.1324e-05,0.5199999999999996,-4.322471232876718e-05,-0.14871,5.8645e-05,0.5199999999999996,-4.355330136986306e-05,-0.14132,5.8449e-05,0.5199999999999996,-4.352942857142856e-05,-0.12858,5.86e-05,0.5199999999999996,-4.3107062686567165e-05
-0.15702,6.1329e-05,0.5099999999999996,-4.3516200589970525e-05,-0.14535,5.8636e-05,0.5099999999999996,-4.385188495575222e-05,-0.13797,5.8522e-05,0.5099999999999996,-4.371628358208954e-05,-0.12522,5.8671e-05,0.5099999999999996,-4.3684565683646176e-05
-0.15367,6.1425e-05,0.49999999999999956,-4.399541916167665e-05,-0.14167,5.9356e-05,0.49999999999999956,-4.415345103857566e-05,-0.13426,5.9076e-05,0.49999999999999956,-4.403368263473052e-05,-0.12192,5.8588e-05,0.49999999999999956,-4.393192837465568e-05
-0.15036,6.1552e-05,0.48999999999999955,-4.478111333333326e-05,-0.13833,5.9378e-05,0.48999999999999955,-4.442188059701493e-05,-0.13091,5.9101e-05,0.48999999999999955,-4.4061952380952365e-05,-0.11828,5.9021e-05,0.48999999999999955,-4.424959580838322e-05
-0.14703,6.1597e-05,0.47999999999999954,-4.431145454545455e-05,-0.13496,5.9461e-05,0.47999999999999954,-4.480752710843371e-05,-0.12756,5.9174e-05,0.47999999999999954,-4.469049586776865e-05,-0.11494,5.9021e-05,0.47999999999999954,-4.424564634146341e-05
-0.1437,6.1712e-05,0.46999999999999953,-4.44893369565218e-05,-0.1316,5.9554e-05,0.46999999999999953,-4.5033846153846216e-05,-0.12423,5.9206e-05,0.46999999999999953,-4.492930245231615e-05,-0.11167,5.9041e-05,0.46999999999999953,-4.4371983827493295e-05
-0.14029,6.1774e-05,0.4599999999999995,-4.488614970059881e-05,-0.12826,5.9702e-05,0.4599999999999995,-4.5239021084337365e-05,-0.12062,5.9604e-05,0.4599999999999995,-4.510402981029817e-05,-0.10796,5.9541e-05,0.4599999999999995,-4.452914130434789e-05
-0.13698,6.1967e-05,0.4499999999999995,-4.50331791044776e-05,-0.12462,6.0086e-05,0.4499999999999995,-4.55330303030303e-05,-0.1173,5.9641e-05,0.4499999999999995,-4.562160120845918e-05,-0.10464,5.9548e-05,0.4499999999999995,-4.513004545454542e-05
-0.13359,6.212e-05,0.4399999999999995,-4.533476576576577e-05,-0.12127,6.021e-05,0.4399999999999995,-4.582348760330585e-05,-0.11395,5.9693e-05,0.4399999999999995,-4.589288288288287e-05,-0.10132,5.9593e-05,0.4399999999999995,-4.556426902173917e-05
-0.13026,6.2212e-05,0.4299999999999995,-4.63427217125383e-05,-0.11798,6.0275e-05,0.4299999999999995,-4.58546909090909e-05,-0.11062,5.9784e-05,0.4299999999999995,-4.6124492492492474e-05,-0.09795,5.9757e-05,0.4299999999999995,-4.572700000000005e-05
-0.12686,6.2485e-05,0.4199999999999995,-4.5860251479289966e-05,-0.11465,6.0447e-05,0.4199999999999995,-4.647314540059348e-05,-0.1073,5.9873e-05,0.4199999999999995,-4.645633432835821e-05,-0.094608,5.9779e-05,0.4199999999999995,-4.6030485380116936e-05
-0.12359,6.2573e-05,0.4099999999999995,-4.6951178247734205e-05,-0.11132,6.0451e-05,0.4099999999999995,-4.682953038674041e-05,-0.10362,6.0371e-05,0.4099999999999995,-4.6939146341463496e-05,-0.090886,6.0384e-05,0.4099999999999995,-4.625500000000006e-05
-0.12028,6.2678e-05,0.39999999999999947,-4.654212238805971e-05,-0.10797,6.0715e-05,0.39999999999999947,-4.6902744807121644e-05,-0.10031,6.0451e-05,0.39999999999999947,-4.697052432432439e-05,-0.087536,6.0526e-05,0.39999999999999947,-4.673686648501368e-05
-0.11698,6.2818e-05,0.38999999999999946,-4.675385185185186e-05,-0.10464,6.0846e-05,0.38999999999999946,-4.715979999999998e-05,-0.096941,6.0523e-05,0.38999999999999946,-4.7208737160120834e-05,-0.084173,6.0548e-05,0.38999999999999946,-4.717147237569065e-05
-0.11396,6.2534e-05,0.37999999999999945,-4.7370556213017785e-05,-0.10131,6.0923e-05,0.37999999999999945,-4.768680362537762e-05,-0.093246,6.1087e-05,0.37999999999999945,-4.755633827893175e-05,-0.080539,6.1038e-05,0.37999999999999945,-4.738109523809522e-05
-0.11065,6.2664e-05,0.36999999999999944,-4.771970746268657e-05,-0.097619,6.1599e-05,0.36999999999999944,-4.830233035714288e-05,-0.089925,6.1074e-05,0.36999999999999944,-4.828627728613571e-05,-0.077232,6.1061e-05,0.36999999999999944,-4.8033628032345075e-05
-0.10697,6.3217e-05,0.35999999999999943,-4.8283686567164224e-05,-0.09427,6.1679e-05,0.35999999999999943,-4.847424590163944e-05,-0.086519,6.1175e-05,0.35999999999999943,-4.847795135135144e-05,-0.073911,6.1073e-05,0.35999999999999943,-4.832532786885253e-05
-0.10367,6.3209e-05,0.3499999999999994,-4.892758208955235e-05,-0.090902,6.1752e-05,0.3499999999999994,-4.9060548913043546e-05,-0.082843,6.1704e-05,0.3499999999999994,-4.908876086956529e-05,-0.070539,6.1217e-05,0.3499999999999994,-4.882024012158054e-05
-0.10032,6.3425e-05,0.3399999999999994,-4.9206626822157475e-05,-0.087551,6.1582e-05,0.3399999999999994,-4.9509617210682496e-05,-0.07955,6.1636e-05,0.3399999999999994,-4.956582702702711e-05,-0.06688,6.1487e-05,0.3399999999999994,-4.936220967741944e-05
-0.096944,6.3587e-05,0.3299999999999994,-5.030224832214755e-05,-0.083846,6.2265e-05,0.3299999999999994,-5.0381342342342345e-05,-0.076227,6.1469e-05,0.3299999999999994,-5.0140591397849554e-05,-0.063245,6.186e-05,0.3299999999999994,-5.019081927710843e-05
-0.093585,6.3877e-05,0.3199999999999994,-5.06673076923078e-05,-0.080559,6.2235e-05,0.3199999999999994,-5.111723641304358e-05,-0.072897,6.162e-05,0.3199999999999994,-5.078171195652184e-05,-0.05993,6.1781e-05,0.3199999999999994,-5.0316244623656005e-05
-0.090256,6.4138e-05,0.3099999999999994,-5.090551239669432e-05,-0.077219,6.2307e-05,0.3099999999999994,-5.1501700598802416e-05,-0.069261,6.2257e-05,0.3099999999999994,-5.1514325301204825e-05,-0.056599,6.1757e-05,0.3099999999999994,-5.104173111782474e-05
-0.086857,6.4288e-05,0.2999999999999994,-5.214850993377485e-05,-0.07356,6.2875e-05,0.2999999999999994,-5.2162691616766475e-05,-0.065908,6.2258e-05,0.2999999999999994,-5.1934666666666744e-05,-0.052911,6.2323e-05,0.2999999999999994,-5.169357142857142e-05
-0.08352,6.4451e-05,0.28999999999999937,-5.206292307692311e-05,-0.070227,6.2965e-05,0.28999999999999937,-5.260535714285718e-05,-0.062558,6.2397e-05,0.28999999999999937,-5.257697321428571e-05,-0.049524,6.2356e-05,0.28999999999999937,-5.221938419618533e-05
-0.080225,6.4496e-05,0.27999999999999936,-5.273246060606061e-05,-0.066897,6.3091e-05,0.27999999999999936,-5.342490361445784e-05,-0.059276,6.2378e-05,0.27999999999999936,-5.295542424242423e-05,-0.046157,6.2327e-05,0.27999999999999936,-5.286398187311175e-05
-0.076884,6.4703e-05,0.26999999999999935,-5.299837951807233e-05,-0.06356,6.3108e-05,0.26999999999999935,-5.337249999999999e-05,-0.055558,6.3002e-05,0.26999999999999935,-5.349655163043487e-05,-0.042469,6.2819e-05,0.26999999999999935,-5.31818256130791e-05
-0.07358,6.4856e-05,0.25999999999999934,-5.3321881215469715e-05,-0.060257,6.3265e-05,0.25999999999999934,-5.368898203592809e-05,-0.052196,6.3084e-05,0.25999999999999934,-5.351254078549849e-05,-0.039165,6.283e-05,0.25999999999999934,-5.35646186186186e-05
-0.070256,6.4997e-05,0.24999999999999933,-5.400185714285726e-05,-0.056937,6.3412e-05,0.24999999999999933,-5.4089391691394634e-05,-0.048873,6.3207e-05,0.24999999999999933,-5.400127077747999e-05,-0.03552,6.3172e-05,0.24999999999999933,-5.3845654054054125e-05
-0.066889,6.5269e-05,0.23999999999999932,-5.3814373493975924e-05,-0.053231,6.3911e-05,0.23999999999999932,-5.4483405405405386e-05,-0.045496,6.323e-05,0.23999999999999932,-5.409312990936551e-05,-0.032192,6.3189e-05,0.23999999999999932,-5.383850295857985e-05
-0.063578,6.5397e-05,0.22999999999999932,-5.444555891238671e-05,-0.049837,6.4027e-05,0.22999999999999932,-5.4806615384615367e-05,-0.041832,6.3734e-05,0.22999999999999932,-5.425999397590359e-05,-0.028865,6.3237e-05,0.22999999999999932,-5.397068119891013e-05
-0.060279,6.5454e-05,0.2199999999999993,-5.4227321428571525e-05,-0.046496,6.4035e-05,0.2199999999999993,-5.4636696969696946e-05,-0.038504,6.3824e-05,0.2199999999999993,-5.4589983739837476e-05,-0.0252,6.3824e-05,0.2199999999999993,-5.435249999999996e-05
-0.05663,6.603e-05,0.2099999999999993,-5.523962790697664e-05,-0.042815,6.4604e-05,0.2099999999999993,-5.491653929539305e-05,-0.035218,6.3592e-05,0.2099999999999993,-5.479578918918929e-05,-0.021874,6.393e-05,0.2099999999999993,-5.4573730245231675e-05
-0.053246,6.6192e-05,0.1999999999999993,-5.5036267759562955e-05,-0.03949,6.4636e-05,0.1999999999999993,-5.545549262536875e-05,-0.031544,6.4083e-05,0.1999999999999993,-5.559183602150548e-05,-0.018541,6.3902e-05,0.1999999999999993,-5.509511051212947e-05
-0.049893,6.6304e-05,0.18999999999999928,-5.582517611940301e-05,-0.036174,6.4632e-05,0.18999999999999928,-5.58478303030303e-05,-0.028204,6.4141e-05,0.18999999999999928,-5.608664945652185e-05,-0.014868,6.437e-05,0.18999999999999928,-5.5351975274725365e-05
-0.04656,6.6371e-05,0.17999999999999927,-5.644139393939371e-05,-0.032882,6.4628e-05,0.17999999999999927,-5.6377757575757585e-05,-0.024915,6.424e-05,0.17999999999999927,-5.608124390243903e-05,-0.011519,6.4273e-05,0.17999999999999927,-5.6185608219178166e-05
-0.043169,6.6543e-05,0.16999999999999926,-5.686887905604737e-05,-0.029217,6.5257e-05,0.16999999999999926,-5.6980600000000035e-05,-0.021238,6.4745e-05,0.16999999999999926,-5.687270967741948e-05,-0.0081517,6.4371e-05,0.16999999999999926,-5.648640298507464e-05
-0.039828,6.6705e-05,0.15999999999999925,-5.7235701492537354e-05,-0.025898,6.5218e-05,0.15999999999999925,-5.774956417910448e-05,-0.017923,6.4635e-05,0.15999999999999925,-5.737074594594605e-05,-0.0044489,6.4833e-05,0.15999999999999925,-5.733628882833794e-05
-0.036518,6.6955e-05,0.14999999999999925,-5.7900756756756866e-05,-0.022511,6.5243e-05,0.14999999999999925,-5.8017414168937424e-05,-0.014558,6.4782e-05,0.14999999999999925,-5.805236936936936e-05,-0.0010492,6.4974e-05,0.14999999999999925,-5.7677480362537735e-05
-0.033198,6.7063e-05,0.13999999999999924,-5.799439090909093e-05,-0.019213,6.5296e-05,0.13999999999999924,-5.8449653950953775e-05,-0.010868,6.5383e-05,0.13999999999999924,-5.82471489361702e-05,0.0023277,6.4923e-05,0.13999999999999924,-5.806883378746603e-05
-0.02989,6.7167e-05,0.12999999999999923,-5.857567415730309e-05,-0.01557,6.5762e-05,0.12999999999999923,-5.8663808743169504e-05,-0.0074896,6.5446e-05,0.12999999999999923,-5.85933582089552e-05,0.0059023,6.5308e-05,0.12999999999999923,-5.825861580381479e-05
-0.026557,6.731e-05,0.11999999999999923,-5.896272403560831e-05,-0.012177,6.5858e-05,0.11999999999999923,-5.9016960960960964e-05,-0.0040943,6.5524e-05,0.11999999999999923,-5.878194011976046e-05,0.0092318,6.5303e-05,0.11999999999999923,-5.875250746268653e-05
-0.022854,6.7972e-05,0.10999999999999924,-5.902133633633633e-05,-0.0088524,6.5862e-05,0.10999999999999924,-5.943828398791538e-05,-0.00075274,6.5572e-05,0.10999999999999924,-5.9090743119266024e-05,0.012556,6.5349e-05,0.10999999999999924,-5.900808196721319e-05
-0.019544,6.7971e-05,0.09999999999999924,-5.939306177606174e-05,-0.005153,6.6464e-05,0.09999999999999924,-5.9348890392422277e-05,0.0029037,6.6068e-05,0.09999999999999924,-5.933592615975849e-05,0.016253,6.5843e-05,0.09999999999999924,-5.897989483227556e-05
-0.016214,6.8032e-05,0.08999999999999925,-5.934650205198366e-05,-0.001717,6.6568e-05,0.08999999999999925,-5.949343781993373e-05,0.0062223,6.6003e-05,0.08999999999999925,-5.945283958837771e-05,0.019582,6.576e-05,0.08999999999999925,-5.917825545851531e-05
-0.012843,6.8081e-05,0.07999999999999925,-5.9624728221957044e-05,0.001604,6.6671e-05,0.07999999999999925,-5.976529394387001e-05,0.0095677,6.5991e-05,0.07999999999999925,-5.9779703064564105e-05,0.022957,6.5799e-05,0.07999999999999925,-5.943165161816704e-05
-0.009172,6.8707e-05,0.06999999999999926,-6.0001315141430845e-05,0.0049213,6.6574e-05,0.06999999999999926,-6.0127314260035945e-05,0.013272,6.6548e-05,0.06999999999999926,-5.9949928311057065e-05,0.026573,6.6321e-05,0.06999999999999926,-5.980893937575024e-05
-0.0058284,6.8921e-05,0.059999999999999255,-6.027701694915256e-05,0.008584,6.7251e-05,0.059999999999999255,-6.049960066006599e-05,0.016573,6.6594e-05,0.059999999999999255,-6.013199301972683e-05,0.02998,6.6307e-05,0.059999999999999255,-5.9761435118719e-05
-0.002446,6.9108e-05,0.04999999999999925,-6.03495690640987e-05,0.011922,6.7266e-05,0.04999999999999925,-6.085783687083079e-05,0.019958,6.6667e-05,0.04999999999999925,-6.0198686050015044e-05,0.033302,6.6329e-05,0.04999999999999925,-6.016090002731501e-05
0.0008672,6.9226e-05,0.03999999999999925,-6.047669230769234e-05,0.015215,6.7231e-05,0.03999999999999925,-6.088341320754728e-05,0.023279,6.6708e-05,0.03999999999999925,-6.0400677971099973e-05,0.036986,6.6746e-05,0.03999999999999925,-6.047161515399298e-05
0.0042177,6.9251e-05,0.02999999999999925,-6.123225988700569e-05,0.018567,6.7215e-05,0.02999999999999925,-6.119074190960159e-05,0.026883,6.7103e-05,0.02999999999999925,-6.072329606625255e-05,0.040399,6.6452e-05,0.02999999999999925,-6.0772600177043345e-05
0.0075496,6.9347e-05,0.019999999999999248,-6.1278770580297e-05,0.022223,6.7768e-05,0.019999999999999248,-6.147618831942789e-05,0.030295,6.7187e-05,0.019999999999999248,-6.114245801986156e-05,0.044092,6.6977e-05,0.019999999999999248,-6.101179083008687e-05
0.010914,6.9339e-05,0.009999999999999247,-6.158580292406385e-05,0.025583,6.7754e-05,0.009999999999999247,-6.180021132288664e-05,0.03365,6.7269e-05,0.009999999999999247,-6.12142605275895e-05,0.047726,6.7299e-05,0.009999999999999247,-6.117306282532374e-05
0.01458,6.9982e-05,-7.528699885739343e-16,-6.161854376621603e-05,0.028915,6.7803e-05,-7.528699885739343e-16,-6.178496508755066e-05,0.037,6.7313e-05,-7.528699885739343e-16,-6.154075297755083e-05,0.05106,6.7062e-05,-7.528699885739343e-16,-6.109738436980211e-05
0.017902,7.0091e-05,-0.010000000000000753,-6.0926425258913315e-05,0.032311,6.7952e-05,-0.010000000000000753,-6.21883314265599e-05,0.040748,6.7927e-05,-0.010000000000000753,-6.198068156364428e-05,0.054703,6.7396e-05,-0.010000000000000753,-6.182641246080111e-05
0.021272,7.0249e-05,-0.020000000000000753,-6.240072977509219e-05,0.036049,6.8533e-05,-0.020000000000000753,-6.252520749542957e-05,0.044119,6.8039e-05,-0.020000000000000753,-6.250292493946731e-05,0.058012,6.7177e-05,-0.020000000000000753,-6.218394361525711e-05
0.024606,7.0368e-05,-0.030000000000000755,-6.299377939835916e-05,0.039402,6.8421e-05,-0.030000000000000755,-6.31458990687894e-05,0.047383,6.795e-05,-0.030000000000000755,-6.286471015787912e-05,0.06172,6.748e-05,-0.030000000000000755,-6.244507821835966e-05
0.027957,7.0518e-05,-0.04000000000000076,-6.376057042253523e-05,0.042777,6.8624e-05,-0.04000000000000076,-6.324883925346179e-05,0.050694,6.7929e-05,-0.04000000000000076,-6.284901698630145e-05,0.065356,6.7868e-05,-0.04000000000000076,-6.27930060422961e-05
0.031323,7.0736e-05,-0.05000000000000076,-6.338856158663886e-05,0.046088,6.8688e-05,-0.05000000000000076,-6.382815098861594e-05,0.054327,6.8341e-05,-0.05000000000000076,-6.328145944489368e-05,0.068628,6.7819e-05,-0.05000000000000076,-6.317625047489832e-05
0.034689,7.091e-05,-0.06000000000000076,-6.40933355704698e-05,0.04972,6.9106e-05,-0.06000000000000076,-6.419740420880031e-05,0.057681,6.8358e-05,-0.06000000000000076,-6.375098118361152e-05,0.072005,6.7855e-05,-0.06000000000000076,-6.374626016260158e-05
0.038053,7.0988e-05,-0.07000000000000076,-6.436319554234784e-05,0.053042,6.918e-05,-0.07000000000000076,-6.438799277543648e-05,0.060969,6.8409e-05,-0.07000000000000076,-6.427135114503827e-05,0.075653,6.8296e-05,-0.07000000000000076,-6.374184381838082e-05
0.04142,7.115e-05,-0.08000000000000075,-6.44525882706767e-05,0.056372,6.9237e-05,-0.08000000000000075,-6.461826526315789e-05,0.064326,6.8468e-05,-0.08000000000000075,-6.442848507867615e-05,0.079036,6.8387e-05,-0.08000000000000075,-6.41884273127754e-05
0.045119,7.1673e-05,-0.09000000000000075,-6.509873414706755e-05,0.05967,6.9264e-05,-0.09000000000000075,-6.495844889420201e-05,0.068002,6.8868e-05,-0.09000000000000075,-6.458374136069125e-05,0.082402,6.8396e-05,-0.09000000000000075,-6.424755154185017e-05
0.048426,7.1765e-05,-0.10000000000000074,-6.510244481005085e-05,0.063046,6.9308e-05,-0.10000000000000074,-6.54477983343248e-05,0.071324,6.8736e-05,-0.10000000000000074,-6.51353520286396e-05,0.085814,6.8395e-05,-0.10000000000000074,-6.453049079089933e-05
0.051719,7.1817e-05,-0.11000000000000074,-6.569845833333332e-05,0.066334,6.9274e-05,-0.11000000000000074,-6.570767455621301e-05,0.075004,6.928e-05,-0.11000000000000074,-6.50923524590165e-05,0.089449,6.8903e-05,-0.11000000000000074,-6.458042296072503e-05
0.055037,7.1886e-05,-0.12000000000000073,-6.566413554216866e-05,0.069991,6.9695e-05,-0.12000000000000073,-6.547285277777786e-05,0.078377,6.9094e-05,-0.12000000000000073,-6.520319780219787e-05,0.092741,6.879e-05,-0.12000000000000073,-6.484288397790062e-05
0.058372,7.1985e-05,-0.13000000000000073,-6.59407634730539e-05,0.073367,6.9772e-05,-0.13000000000000073,-6.564176119402986e-05,0.08205,6.9505e-05,-0.13000000000000073,-6.525885597826099e-05,0.096073,6.8808e-05,-0.13000000000000073,-6.500752173913047e-05
0.061707,7.2234e-05,-0.14000000000000073,-6.603341791044777e-05,0.076679,6.9782e-05,-0.14000000000000073,-6.601278978978975e-05,0.085437,6.9462e-05,-0.14000000000000073,-6.560195392953935e-05,0.099403,6.8809e-05,-0.14000000000000073,-6.52337522388059e-05
0.065034,7.2345e-05,-0.15000000000000074,-6.599182655826566e-05,0.080064,7.0073e-05,-0.15000000000000074,-6.59147382550334e-05,0.088764,6.9369e-05,-0.15000000000000074,-6.55816239782017e-05,0.10269,6.8644e-05,-0.15000000000000074,-6.533502785515325e-05
0.068333,7.2434e-05,-0.16000000000000075,-6.619195705521469e-05,0.083405,7.0091e-05,-0.16000000000000075,-6.595125602409634e-05,0.09238,6.9776e-05,-0.16000000000000075,-6.55402694610778e-05,0.10639,6.9084e-05,-0.16000000000000075,-6.527371934604913e-05
0.071644,7.2571e-05,-0.17000000000000076,-6.602601891891901e-05,0.087103,7.0681e-05,-0.17000000000000076,-6.592712499999997e-05,0.095707,6.968e-05,-0.17000000000000076,-6.554903927492442e-05,0.10971,6.8975e-05,-0.17000000000000076,-6.528114130434786e-05
0.075349,7.3284e-05,-0.18000000000000077,-6.626111377245507e-05,0.090421,7.0672e-05,-0.18000000000000077,-6.61810615835777e-05,0.099059,6.9709e-05,-0.18000000000000077,-6.564195252225517e-05,0.11337,6.9426e-05,-0.18000000000000077,-6.517816666666661e-05
0.078754,7.3364e-05,-0.19000000000000078,-6.627430706521745e-05,0.093741,7.0699e-05,-0.19000000000000078,-6.62757280966767e-05,0.10272,7.0197e-05,-0.19000000000000078,-6.552466850828736e-05,0.11674,6.9382e-05,-0.19000000000000078,-6.500967777777779e-05
0.082089,7.3597e-05,-0.2000000000000008,-6.605986626139817e-05,0.097043,7.0597e-05,-0.2000000000000008,-6.588268263473051e-05,0.10607,7.0146e-05,-0.2000000000000008,-6.555002108433726e-05,0.12009,6.9235e-05,-0.2000000000000008,-6.516002409638547e-05
0.085473,7.37e-05,-0.2100000000000008,-6.612605151515148e-05,0.1004,7.0589e-05,-0.2100000000000008,-6.58768727272727e-05,0.10937,7.0091e-05,-0.2100000000000008,-6.553613736263741e-05,0.12375,6.9731e-05,-0.2100000000000008,-6.494187193460496e-05
0.088797,7.375e-05,-0.2200000000000008,-6.616207650273233e-05,0.1041,7.1094e-05,-0.2200000000000008,-6.627586350148368e-05,0.1127,7.011e-05,-0.2200000000000008,-6.55988162162163e-05,0.12714,6.969e-05,-0.2200000000000008,-6.539313207547179e-05
0.092095,7.3804e-05,-0.23000000000000081,-6.702648192771096e-05,0.1074,7.103e-05,-0.23000000000000081,-6.616740119760478e-05,0.11607,7.0293e-05,-0.23000000000000081,-6.600131137724539e-05,0.13082,7.0143e-05,-0.23000000000000081,-6.548041818181812e-05
0.095427,7.3814e-05,-0.24000000000000082,-6.66641051051051e-05,0.11069,7.1043e-05,-0.24000000000000082,-6.643211377245502e-05,0.11972,7.0713e-05,-0.24000000000000082,-6.58812670623145e-05,0.13411,6.9935e-05,-0.24000000000000082,-6.557065760869573e-05
0.098789,7.3999e-05,-0.25000000000000083,-6.664165217391316e-05,0.11404,7.1157e-05,-0.25000000000000083,-6.659383734939756e-05,0.12311,7.0659e-05,-0.25000000000000083,-6.611580180180175e-05,0.13744,6.9809e-05,-0.25000000000000083,-6.566246546546543e-05
0.10208,7.408e-05,-0.26000000000000084,-6.684834615384621e-05,0.11773,7.1638e-05,-0.26000000000000084,-6.679835628742519e-05,0.12647,7.0546e-05,-0.26000000000000084,-6.640137647058823e-05,0.14103,7.0142e-05,-0.26000000000000084,-6.592433155080222e-05
0.10542,7.4213e-05,-0.27000000000000085,-6.758281736526957e-05,0.12111,7.1711e-05,-0.27000000000000085,-6.681873053892213e-05,0.13015,7.108e-05,-0.27000000000000085,-6.660031940298505e-05,0.14439,6.9979e-05,-0.27000000000000085,-6.627597619047615e-05
0.10874,7.4294e-05,-0.28000000000000086,-6.738647916666668e-05,0.12446,7.171e-05,-0.28000000000000086,-6.728040909090909e-05,0.13347,7.0947e-05,-0.28000000000000086,-6.676029585798815e-05,0.14808,7.0415e-05,-0.28000000000000086,-6.669823705722081e-05
0.11239,7.4787e-05,-0.29000000000000087,-6.745998614958462e-05,0.12777,7.1668e-05,-0.29000000000000087,-6.729331325301207e-05,0.13672,7.0888e-05,-0.29000000000000087,-6.692017073170727e-05,0.1514,7.0301e-05,-0.29000000000000087,-6.675939759036142e-05
0.11577,7.4853e-05,-0.3000000000000009,-6.783900890207713e-05,0.13113,7.1571e-05,-0.3000000000000009,-6.757155223880597e-05,0.14034,7.1328e-05,-0.3000000000000009,-6.71026693766939e-05,0.15504,7.0683e-05,-0.3000000000000009,-6.683868842729969e-05
0.11911,7.4976e-05,-0.3100000000000009,-6.879668999999984e-05,0.13476,7.2038e-05,-0.3100000000000009,-6.810605405405419e-05,0.14368,7.1231e-05,-0.3100000000000009,-6.775844986449875e-05,0.1584,7.0576e-05,-0.3100000000000009,-6.722217486338807e-05
0.12248,7.5134e-05,-0.3200000000000009,-6.840833333333335e-05,0.13805,7.1991e-05,-0.3200000000000009,-6.821276204819275e-05,0.14705,7.1265e-05,-0.3200000000000009,-6.784674320241687e-05,0.16207,7.0887e-05,-0.3200000000000009,-6.75332289156626e-05
0.12582,7.5262e-05,-0.3300000000000009,-6.909506024096383e-05,0.1414,7.1983e-05,-0.3300000000000009,-6.869844277108432e-05,0.15041,7.1154e-05,-0.3300000000000009,-6.838850406504075e-05,0.16547,7.0808e-05,-0.3300000000000009,-6.80900545454545e-05
0.12917,7.5242e-05,-0.3400000000000009,-6.906398198198202e-05,0.14468,7.1956e-05,-0.3400000000000009,-6.908251359516617e-05,0.154,7.1542e-05,-0.3400000000000009,-6.856609090909088e-05,0.16915,7.1215e-05,-0.3400000000000009,-6.798830081300821e-05
0.13281,7.5826e-05,-0.3500000000000009,-6.9475953079179e-05,0.14805,7.208e-05,-0.3500000000000009,-6.938927027027039e-05,0.15736,7.1519e-05,-0.3500000000000009,-6.885279646017694e-05,0.17249,7.105e-05,-0.3500000000000009,-6.867408086253382e-05
0.13612,7.5964e-05,-0.36000000000000093,-6.951919672131156e-05,0.1517,7.2698e-05,-0.36000000000000093,-6.957268493150694e-05,0.1607,7.1451e-05,-0.36000000000000093,-6.938875675675667e-05,0.17578,7.0843e-05,-0.36000000000000093,-6.880084684684679e-05
0.13939,7.599e-05,-0.37000000000000094,-6.997153846153858e-05,0.15504,7.2587e-05,-0.37000000000000094,-6.981914754098368e-05,0.16441,7.1924e-05,-0.37000000000000094,-6.951279819277104e-05,0.17946,7.104e-05,-0.37000000000000094,-6.896325531914889e-05
0.14277,7.5913e-05,-0.38000000000000095,-7.020845580110507e-05,0.15839,7.2553e-05,-0.38000000000000095,-7.046855287009061e-05,0.16779,7.1886e-05,-0.38000000000000095,-7.001653846153854e-05,0.18312,7.1307e-05,-0.38000000000000095,-6.941837673130203e-05
0.14606,7.6044e-05,-0.39000000000000096,-7.108940802675572e-05,0.16171,7.2597e-05,-0.39000000000000096,-7.041233234421368e-05,0.17114,7.189e-05,-0.39000000000000096,-7.011302702702714e-05,0.18646,7.1142e-05,-0.39000000000000096,-6.944776216216224e-05
0.14942,7.6128e-05,-0.40000000000000097,-7.078425000000012e-05,0.16511,7.2621e-05,-0.40000000000000097,-7.09670828402367e-05,0.17447,7.1922e-05,-0.40000000000000097,-7.029373590504445e-05,0.19007,7.1454e-05,-0.40000000000000097,-7.00367831325301e-05
0.15274,7.6134e-05,-0.410000000000001,-7.110284545454545e-05,0.16881,7.3145e-05,-0.410000000000001,-7.100982840236684e-05,0.17807,7.2307e-05,-0.410000000000001,-7.073076946107782e-05,0.19343,7.1375e-05,-0.410000000000001,-7.028072602739733e-05
0.15609,7.6337e-05,-0.420000000000001,-7.157585670731706e-05,0.17217,7.3085e-05,-0.420000000000001,-7.128474924471296e-05,0.18143,7.2155e-05,-0.420000000000001,-7.08644864864864e-05,0.19674,7.1276e-05,-0.420000000000001,-7.058488043478267e-05
0.1594,7.6198e-05,-0.430000000000001,-7.201064285714285e-05,0.17546,7.2921e-05,-0.430000000000001,-7.18406666666667e-05,0.18476,7.2094e-05,-0.430000000000001,-7.150309909909908e-05,0.20044,7.1791e-05,-0.430000000000001,-7.098259891598925e-05
0.16312,7.6832e-05,-0.440000000000001,-7.213384431137726e-05,0.17877,7.2946e-05,-0.440000000000001,-7.226018343195264e-05,0.18841,7.2522e-05,-0.440000000000001,-7.161400000000001e-05,0.20377,7.1668e-05,-0.440000000000001,-7.13277654986524e-05
0.16644,7.6839e-05,-0.450000000000001,-7.320842771084354e-05,0.18208,7.2852e-05,-0.450000000000001,-7.216728787878788e-05,0.19175,7.2294e-05,-0.450000000000001,-7.178852173913053e-05,0.20749,7.2049e-05,-0.450000000000001,-7.151717611940294e-05
0.16983,7.6885e-05,-0.460000000000001,-7.268472072072069e-05,0.18574,7.3379e-05,-0.460000000000001,-7.266465555555566e-05,0.19507,7.2209e-05,-0.460000000000001,-7.238590163934437e-05,0.21083,7.1911e-05,-0.460000000000001,-7.170408493150697e-05
0.17318,7.6922e-05,-0.47000000000000103,-7.292266265060238e-05,0.18905,7.329e-05,-0.47000000000000103,-7.289414201183436e-05,0.19873,7.2669e-05,-0.47000000000000103,-7.25986885245903e-05,0.21451,7.2257e-05,-0.47000000000000103,-7.208819760479035e-05
0.17682,7.7419e-05,-0.48000000000000104,-7.358582065217407e-05,0.19243,7.3246e-05,-0.48000000000000104,-7.349489253731342e-05,0.20207,7.2715e-05,-0.48000000000000104,-7.307541017964071e-05,0.21784,7.2067e-05,-0.48000000000000104,-7.223257377049188e-05
0.18013,7.7384e-05,-0.49000000000000105,-7.390280303030305e-05,0.19571,7.3095e-05,-0.49000000000000105,-7.368648648648648e-05,0.20548,7.2738e-05,-0.49000000000000105,-7.334627659574463e-05,0.22147,7.238e-05,-0.49000000000000105,-7.268215568862271e-05
0.18344,7.7294e-05,-0.500000000000001,-7.400965765765768e-05,0.19909,7.3148e-05,-0.500000000000001,-7.423612537313434e-05,0.20882,7.2667e-05,-0.500000000000001,-7.365109589041108e-05,0.22478,7.2099e-05,-0.500000000000001,-7.316285245901648e-05
0.18678,7.7345e-05,-0.510000000000001,-7.506281570996996e-05,0.20278,7.3679e-05,-0.510000000000001,-7.423581891891906e-05,0.2125,7.319e-05,-0.510000000000001,-7.360096730245244e-05,0.22845,7.2427e-05,-0.510000000000001,-7.350035779816508e-05
0.19012,7.7358e-05,-0.520000000000001,-7.48531223880597e-05,0.20613,7.3572e-05,-0.520000000000001,-7.476997313432841e-05,0.21584,7.2954e-05,-0.520000000000001,-7.436707200000015e-05,0.23176,7.2257e-05,-0.520000000000001,-7.400522162162174e-05
0.1938,7.8001e-05,-0.530000000000001,-7.541586813186824e-05,0.20945,7.3542e-05,-0.530000000000001,-7.5572e-05,0.2191,7.2809e-05,-0.530000000000001,-7.46977024793389e-05,0.23544,7.2636e-05,-0.530000000000001,-7.459394224924008e-05
0.19709,7.7848e-05,-0.540000000000001,-7.645007507507527e-05,0.21281,7.3465e-05,-0.540000000000001,-7.56102522255193e-05,0.22241,7.2812e-05,-0.540000000000001,-7.536052265861026e-05,0.23875,7.2297e-05,-0.540000000000001,-7.485294005449603e-05
0.20046,7.7851e-05,-0.550000000000001,-7.628173220338966e-05,0.21616,7.3529e-05,-0.550000000000001,-7.625499168975082e-05,0.22608,7.311e-05,-0.550000000000001,-7.551163636363628e-05,0.2424,7.267e-05,-0.550000000000001,-7.541619230769243e-05
0.20378,7.7901e-05,-0.560000000000001,-7.66172716417911e-05,0.21978,7.393e-05,-0.560000000000001,-7.658841839762612e-05,0.22942,7.3109e-05,-0.560000000000001,-7.612650000000011e-05,0.24575,7.2618e-05,-0.560000000000001,-7.587248664688427e-05
0.20718,7.792e-05,-0.5700000000000011,-7.683524483775794e-05,0.2231,7.3725e-05,-0.5700000000000011,-7.71448776119403e-05,0.23277,7.3097e-05,-0.5700000000000011,-7.674970270270271e-05,0.24945,7.284e-05,-0.5700000000000011,-7.62547582089552e-05
0.21049,7.7858e-05,-0.5800000000000011,-7.763959171597629e-05,0.2264,7.3684e-05,-0.5800000000000011,-7.773645508982034e-05,0.23609,7.304e-05,-0.5800000000000011,-7.69489268292684e-05,0.2528,7.2686e-05,-0.5800000000000011,-7.650188888888886e-05
0.21387,7.7921e-05,-0.5900000000000011,-7.753645045045014e-05,0.23005,7.4131e-05,-0.5900000000000011,-7.786669398907118e-05,0.23972,7.3415e-05,-0.5900000000000011,-7.753983636363634e-05,0.25649,7.3174e-05,-0.5900000000000011,-7.699191489361696e-05
0.21755,7.8468e-05,-0.6000000000000011,-7.874130088495594e-05,0.23344,7.3996e-05,-0.6000000000000011,-7.843069411764694e-05,0.24307,7.3371e-05,-0.6000000000000011,-7.78306216216216e-05,0.25982,7.3011e-05,-0.6000000000000011,-7.717054545454558e-05
0.22079,7.8299e-05,-0.6100000000000011,-7.856429881656808e-05,0.23674,7.3934e-05,-0.6100000000000011,-7.859848214285711e-05,0.24641,7.3167e-05,-0.6100000000000011,-7.820390419161673e-05,0.26343,7.3349e-05,-0.6100000000000011,-7.783678378378374e-05
0.2241,7.8358e-05,-0.6200000000000011,-7.87371451612905e-05,0.24006,7.3976e-05,-0.6200000000000011,-7.866480298507456e-05,0.25012,7.358e-05,-0.6200000000000011,-7.852499697885193e-05,0.26675,7.3098e-05,-0.6200000000000011,-7.786499999999999e-05
0.22744,7.8324e-05,-0.6300000000000011,-7.900253333333328e-05,0.24375,7.4438e-05,-0.6300000000000011,-7.862316216216209e-05,0.2535,7.3549e-05,-0.6300000000000011,-7.856614634146352e-05,0.27045,7.3428e-05,-0.6300000000000011,-7.810994925373129e-05
0.23077,7.8352e-05,-0.6400000000000011,-7.907673156342182e-05,0.24706,7.4331e-05,-0.6400000000000011,-7.895838586956532e-05,0.25687,7.3248e-05,-0.6400000000000011,-7.833761194029847e-05,0.27375,7.3205e-05,-0.6400000000000011,-7.804898795180718e-05
0.23411,7.8369e-05,-0.6500000000000011,-7.882080323450142e-05,0.25044,7.4313e-05,-0.6500000000000011,-7.879383529411764e-05,0.26047,7.3727e-05,-0.6500000000000011,-7.850608310991966e-05,0.27745,7.3538e-05,-0.6500000000000011,-7.790597560975614e-05
0.23742,7.8396e-05,-0.6600000000000011,-7.908290109890121e-05,0.25381,7.4374e-05,-0.6600000000000011,-7.89321144578313e-05,0.26378,7.3598e-05,-0.6600000000000011,-7.854527355623088e-05,0.28074,7.3309e-05,-0.6600000000000011,-7.799042296072497e-05
0.24071,7.85e-05,-0.6700000000000012,-7.863754216867465e-05,0.25751,7.4774e-05,-0.6700000000000012,-7.856299999999993e-05,0.26712,7.3588e-05,-0.6700000000000012,-7.821725753424665e-05,0.2844,7.3662e-05,-0.6700000000000012,-7.78847687687687e-05
0.24407,7.853e-05,-0.6800000000000012,-7.860562650602399e-05,0.26079,7.4568e-05,-0.6800000000000012,-7.847745151515145e-05,0.27081,7.3995e-05,-0.6800000000000012,-7.822972121212114e-05,0.28778,7.355e-05,-0.6800000000000012,-7.760659633027515e-05
0.24742,7.8608e-05,-0.6900000000000012,-7.853539130434791e-05,0.26411,7.452e-05,-0.6900000000000012,-7.848499999999995e-05,0.27409,7.3906e-05,-0.6900000000000012,-7.799718478260878e-05,0.2915,7.4015e-05,-0.6900000000000012,-7.745765591397849e-05
0.25079,7.8698e-05,-0.7000000000000012,-7.835033333333329e-05,0.26745,7.4442e-05,-0.7000000000000012,-7.838000301204811e-05,0.27779,7.4204e-05,-0.7000000000000012,-7.790477945619327e-05,0.29487,7.3848e-05,-0.7000000000000012,-7.733719230769236e-05
0.25451,7.9286e-05,-0.7100000000000012,-7.842227371273725e-05,0.2711,7.4854e-05,-0.7100000000000012,-7.835031325301198e-05,0.2811,7.4212e-05,-0.7100000000000012,-7.764505637982193e-05,0.29851,7.4205e-05,-0.7100000000000012,-7.744140540540545e-05
0.25785,7.935e-05,-0.7200000000000012,-7.844462951807228e-05,0.27442,7.4804e-05,-0.7200000000000012,-7.801397802197809e-05,0.2844,7.3989e-05,-0.7200000000000012,-7.756075449101784e-05,0.30186,7.4216e-05,-0.7200000000000012,-7.721779696969685e-05
0.26116,7.9128e-05,-0.7300000000000012,-7.8463e-05,0.27775,7.481e-05,-0.7300000000000012,-7.852236043360448e-05,0.28811,7.4478e-05,-0.7300000000000012,-7.791797633136092e-05,0.30518,7.4096e-05,-0.7300000000000012,-7.728943902439035e-05
0.26448,7.9202e-05,-0.7400000000000012,-7.892683480825961e-05,0.28108,7.472e-05,-0.7400000000000012,-7.863769616519176e-05,0.29145,7.4429e-05,-0.7400000000000012,-7.815182738095236e-05,0.30883,7.4678e-05,-0.7400000000000012,-7.796444999999998e-05
0.26776,7.9193e-05,-0.7500000000000012,-7.945107185628746e-05,0.28472,7.5173e-05,-0.7500000000000012,-7.912004242424248e-05,0.29483,7.4485e-05,-0.7500000000000012,-7.858721253406009e-05,0.31216,7.4575e-05,-0.7500000000000012,-7.821650549450564e-05
0.27112,7.9216e-05,-0.7600000000000012,-7.985208132530124e-05,0.28812,7.5181e-05,-0.7600000000000012,-7.972119033232631e-05,0.29849,7.4768e-05,-0.7600000000000012,-7.898392370572222e-05,0.31545,7.4549e-05,-0.7600000000000012,-7.86406246575344e-05
0.27441,7.9283e-05,-0.7700000000000012,-8.084001123595474e-05,0.29148,7.5218e-05,-0.7700000000000012,-8.047910979228495e-05,0.30186,7.4694e-05,-0.7700000000000012,-7.990604347826103e-05,0.31915,7.4991e-05,-0.7700000000000012,-7.95800000000002e-05
0.27775,7.9361e-05,-0.7800000000000012,-8.162876276276288e-05,0.29484,7.5192e-05,-0.7800000000000012,-8.155468656716423e-05,0.30549,7.505e-05,-0.7800000000000012,-8.08461492537314e-05,0.32246,7.4847e-05,-0.7800000000000012,-8.031913569321543e-05
0.28107,7.9305e-05,-0.7900000000000013,-8.292807070707084e-05,0.29852,7.5687e-05,-0.7900000000000013,-8.258764477611949e-05,0.30881,7.5001e-05,-0.7900000000000013,-8.191307142857158e-05,0.32615,7.5188e-05,-0.7900000000000013,-8.13510739726029e-05
0.28477,7.991e-05,-0.8000000000000013,-8.340731208053686e-05,0.30187,7.5431e-05,-0.8000000000000013,-8.375474029850753e-05,0.31214,7.5024e-05,-0.8000000000000013,-8.293999096385549e-05,0.32952,7.5243e-05,-0.8000000000000013,-8.228842215568866e-05
0.28813,7.9894e-05,-0.8100000000000013,-8.448275549450574e-05,0.3055,7.5858e-05,-0.8100000000000013,-8.44584782608698e-05,0.31577,7.5447e-05,-0.8100000000000013,-8.382648214285722e-05,0.33317,7.567e-05,-0.8100000000000013,-8.329746587537095e-05
0.29149,8.0004e-05,-0.8200000000000013,-8.524854277286139e-05,0.3088,7.5831e-05,-0.8200000000000013,-8.535418867924547e-05,0.31915,7.5379e-05,-0.8200000000000013,-8.463584946236577e-05,0.33655,7.5807e-05,-0.8200000000000013,-8.398963806970527e-05
0.29484,8.0125e-05,-0.8300000000000013,-8.632340540540547e-05,0.31215,7.594e-05,-0.8300000000000013,-8.599607479224391e-05,0.32279,7.5852e-05,-0.8300000000000013,-8.548399186991882e-05,0.33989,7.592e-05,-0.8300000000000013,-8.47707317073172e-05
0.29817,8.0294e-05,-0.8400000000000013,-8.703960402684565e-05,0.31546,7.5894e-05,-0.8400000000000013,-8.671050000000014e-05,0.32614,7.5824e-05,-0.8400000000000013,-8.568018862275445e-05,0.34359,7.6412e-05,-0.8400000000000013,-8.488612765957441e-05
0.30154,8.0119e-05,-0.8500000000000013,-8.681356010928968e-05,0.3188,7.601e-05,-0.8500000000000013,-8.655483636363632e-05,0.32949,7.5894e-05,-0.8500000000000013,-8.590550000000006e-05,0.34691,7.6464e-05,-0.8500000000000013,-8.49319005524862e-05
0.30517,8.0736e-05,-0.8600000000000013,-8.676831626506018e-05,0.32247,7.654e-05,-0.8600000000000013,-8.638863929618758e-05,0.33285,7.5976e-05,-0.8600000000000013,-8.576259139784953e-05,0.35025,7.646e-05,-0.8600000000000013,-8.474449864498641e-05
0.30847,8.0631e-05,-0.8700000000000013,-8.647334743202407e-05,0.3258,7.6535e-05,-0.8700000000000013,-8.59970624999999e-05,0.33623,7.6137e-05,-0.8700000000000013,-8.514640599455041e-05,0.3539,7.6967e-05,-0.8700000000000013,-8.410605737704914e-05
0.3118,8.0736e-05,-0.8800000000000013,-8.586972916666653e-05,0.32915,7.6529e-05,-0.8800000000000013,-8.51026339285712e-05,0.33993,7.6635e-05,-0.8800000000000013,-8.41810899182561e-05,0.35721,7.7057e-05,-0.8800000000000013,-8.334815757575735e-05
0.31517,8.0923e-05,-0.8900000000000013,-8.484743504531704e-05,0.33252,7.6674e-05,-0.8900000000000013,-8.405065373961206e-05,0.34331,7.665e-05,-0.8900000000000013,-8.335593693693669e-05,0.36059,7.7125e-05,-0.8900000000000013,-8.202595027624298e-05
0.31851,8.0925e-05,-0.9000000000000014,-8.395272835820879e-05,0.3362,7.7333e-05,-0.9000000000000014,-8.308391616766448e-05,0.34692,7.6901e-05,-0.9000000000000014,-8.201862275449085e-05,0.36425,7.7641e-05,-0.9000000000000014,-8.07993360433603e-05
0.32187,8.108e-05,-0.9100000000000014,-8.272207608695649e-05,0.33958,7.7481e-05,-0.9100000000000014,-8.211049999999982e-05,0.35027,7.68e-05,-0.9100000000000014,-8.084891044776092e-05,0.36755,7.7577e-05,-0.9100000000000014,-7.936384337349371e-05
0.32514,8.1152e-05,-0.9200000000000014,-8.162621621621618e-05,0.34294,7.756e-05,-0.9200000000000014,-8.070953513513507e-05,0.35392,7.7358e-05,-0.9200000000000014,-7.950420658682611e-05,0.37091,7.7727e-05,-0.9200000000000014,-7.816829508196707e-05
0.32855,8.1055e-05,-0.9300000000000014,-8.051472891566244e-05,0.34625,7.7762e-05,-0.9300000000000014,-7.956616216216194e-05,0.35726,7.7462e-05,-0.9300000000000014,-7.811715151515128e-05,0.37456,7.8303e-05,-0.9300000000000014,-7.682779999999984e-05
0.33219,8.1627e-05,-0.9400000000000014,-7.9318970414201e-05,0.34958,7.7786e-05,-0.9400000000000014,-7.820121533923285e-05,0.36096,7.7893e-05,-0.9400000000000014,-7.664438805970126e-05,0.37796,7.8331e-05,-0.9400000000000014,-7.544256716417885e-05
0.33559,8.1802e-05,-0.9500000000000014,-7.798730588235277e-05,0.35287,7.7883e-05,-0.9500000000000014,-7.691205691056896e-05,0.36426,7.793e-05,-0.9500000000000014,-7.555727956989239e-05,0.38129,7.8367e-05,-0.9500000000000014,-7.399470694864017e-05
0.33896,8.2028e-05,-0.9600000000000014,-7.674830182926807e-05,0.35626,7.8107e-05,-0.9600000000000014,-7.564732417582407e-05,0.36756,7.791e-05,-0.9600000000000014,-7.407449311294754e-05,0.38501,7.9003e-05,-0.9600000000000014,-7.262754143646391e-05
0.34232,8.2265e-05,-0.9700000000000014,-7.52240843373492e-05,0.35991,7.8644e-05,-0.9700000000000014,-7.409591566265036e-05,0.37129,7.8468e-05,-0.9700000000000014,-7.250876204819254e-05,0.38833,7.9032e-05,-0.9700000000000014,-7.103672507552848e-05
0.34567,8.2468e-05,-0.9800000000000014,-7.377111656441695e-05,0.36323,7.8688e-05,-0.9800000000000014,-7.272728453038665e-05,0.37458,7.8551e-05,-0.9800000000000014,-7.105507397260264e-05,0.3916,7.8898e-05,-0.9800000000000014,-6.952040361445758e-05
0.34894,8.2589e-05,-0.9900000000000014,-7.230467204301056e-05,0.36652,7.8751e-05,-0.9900000000000014,-7.12530376344085e-05,0.37799,7.8718e-05,-0.9900000000000014,-6.975011044776095e-05,0.39527,7.9324e-05,-0.9900000000000014,-6.819863956639553e-05
0.35259,8.3241e-05,,,0.36984,7.8891e-05,-1.0000000000000013,-6.987950299401177e-05,0.38165,7.9201e-05,-1.0000000000000013,-6.884987297297289e-05,0.39858,7.9342e-05,,
0.35589,8.3319e-05,,,0.37352,7.9561e-05,,,0.385,7.9204e-05,,,0.40192,7.9203e-05,,
0.35925,8.3428e-05,,,0.37692,7.9604e-05,,,0.38833,7.9216e-05,,,0.4056,7.9631e-05,,
0.36259,8.3573e-05,,,0.3803,7.9679e-05,,,0.39196,7.9613e-05,,,0.40893,7.9509e-05,,
0.36592,8.3654e-05,,,0.38364,7.9804e-05,,,0.39529,7.9592e-05,,,0.41226,7.9514e-05,,
0.36924,8.3771e-05,,,0.38702,7.9938e-05,,,0.3986,7.9522e-05,,,0.41557,7.9414e-05,,
0.37262,8.3967e-05,,,0.39064,8.0405e-05,,,0.40224,7.9984e-05,,,0.4193,7.99e-05,,
0.37592,8.4178e-05,,,0.39394,8.0273e-05,,,0.40561,7.9807e-05,,,0.42265,7.9686e-05,,
0.37932,8.4323e-05,,,0.39722,8.0268e-05,,,0.40926,8.019e-05,,,0.42603,7.972e-05,,
0.38266,8.4521e-05,,,0.40089,8.0765e-05,,,0.41258,8.0087e-05,,,0.42971,7.994e-05,,
0.38604,8.4738e-05,,,0.40425,8.0815e-05,,,0.41592,7.9812e-05,,,0.43298,7.9647e-05,,
0.38932,8.4687e-05,,,0.40755,8.0717e-05,,,0.41962,8.0249e-05,,,0.43632,7.9469e-05,,
0.39299,8.5294e-05,,,0.41088,8.0705e-05,,,0.42298,8.0039e-05,,,0.43997,7.9672e-05,,
0.39627,8.5293e-05,,,0.41423,8.068e-05,,,0.42668,8.0276e-05,,,0.44328,7.9434e-05,,
0.39962,8.5379e-05,,,0.4179,8.1133e-05,,,0.43003,8.0193e-05,,,0.44694,7.9616e-05,,
0.40296,8.5442e-05,,,0.42126,8.1146e-05,,,0.43363,8.0454e-05,,,0.45027,7.9284e-05,,
0.40626,8.5422e-05,,,0.42464,8.1249e-05,,,0.43696,8.0148e-05,,,0.45358,7.9017e-05,,
0.40958,8.5446e-05,,,0.42795,8.1105e-05,,,0.44029,7.9963e-05,,,0.45725,7.9241e-05,,
0.4129,8.5545e-05,,,0.43132,8.1046e-05,,,0.44393,8.0162e-05,,,0.46061,7.886e-05,,
0.41627,8.5702e-05,,,0.4346,8.0912e-05,,,0.44724,7.9947e-05,,,0.46395,7.8562e-05,,
0.41962,8.5714e-05,,,0.43791,8.0755e-05,,,0.45057,7.9627e-05,,,0.46768,7.8738e-05,,
0.42299,8.5798e-05,,,0.44159,8.115e-05,,,0.45423,7.9891e-05,,,0.47136,7.8899e-05,,
0.42636,8.5667e-05,,,0.4449,8.0899e-05,,,0.45759,7.9682e-05,,,0.47463,7.8394e-05,,
0.42969,8.5601e-05,,,0.44825,8.0761e-05,,,0.46092,7.9399e-05,,,0.47793,7.7924e-05,,
0.4333,8.5772e-05,,,0.45154,8.0484e-05,,,0.4643,7.9174e-05,,,0.48157,7.8129e-05,,
0.43663,8.5741e-05,,,0.45487,8.0367e-05,,,0.46795,7.9251e-05,,,0.48489,7.7807e-05,,
0.43993,8.5623e-05,,,0.45825,8.0205e-05,,,0.47128,7.8861e-05,,,0.48858,7.799e-05,,
0.44328,8.5424e-05,,,0.46196,8.0427e-05,,,0.47491,7.9035e-05,,,0.49187,7.7525e-05,,
0.44659,8.5347e-05,,,0.46528,8.0153e-05,,,0.47825,7.8706e-05,,,0.49554,7.764e-05,,
0.44994,8.5302e-05,,,0.46866,8.0065e-05,,,0.48152,7.8366e-05,,,0.49889,7.7351e-05,,
0.45326,8.499e-05,,,0.472,7.9998e-05,,,0.48518,7.8411e-05,,,0.50221,7.6903e-05,,
0.45661,8.4924e-05,,,0.47526,7.9689e-05,,,0.48854,7.806e-05,,,0.50592,7.7068e-05,,
0.45994,8.4821e-05,,,0.47859,7.9427e-05,,,0.49184,7.7736e-05,,,0.50923,7.6767e-05,,
0.4633,8.4639e-05,,,0.48224,7.9655e-05,,,0.49549,7.8033e-05,,,0.51263,7.6537e-05,,
0.46698,8.4976e-05,,,0.48556,7.933e-05,,,0.49885,7.7769e-05,,,0.51629,7.6661e-05,,
0.47034,8.4708e-05,,,0.48889,7.8905e-05,,,0.50218,7.7486e-05,,,0.51959,7.6226e-05,,
0.47367,8.4501e-05,,,0.49256,7.9015e-05,,,0.50556,7.7196e-05,,,0.52325,7.6426e-05,,
0.47696,8.4176e-05,,,0.49586,7.8541e-05,,,0.50926,7.7401e-05,,,0.52657,7.6103e-05,,
0.48029,8.3876e-05,,,0.49952,7.8774e-05,,,0.5126,7.7097e-05,,,0.52989,7.5724e-05,,
0.48357,8.3527e-05,,,0.50288,7.8491e-05,,,0.51626,7.7112e-05,,,0.53359,7.5992e-05,,
0.4869,8.3363e-05,,,0.50624,7.8034e-05,,,0.51954,7.6649e-05,,,0.53687,7.5667e-05,,
0.49059,8.3544e-05,,,0.50992,7.83e-05,,,0.52321,7.6853e-05,,,0.54056,7.5871e-05,,
0.49387,8.3193e-05,,,0.51325,7.8052e-05,,,0.52655,7.6524e-05,,,0.5439,7.5612e-05,,
0.49717,8.2828e-05,,,0.51657,7.7752e-05,,,0.5299,7.6293e-05,,,0.54762,7.5842e-05,,
0.50055,8.2688e-05,,,0.51987,7.7365e-05,,,0.5332,7.6006e-05,,,0.55099,7.5636e-05,,
0.50385,8.2181e-05,,,0.52355,7.7511e-05,,,0.53686,7.6132e-05,,,0.55434,7.5402e-05,,
0.50757,8.2525e-05,,,0.5269,7.7151e-05,,,0.54018,7.5887e-05,,,0.55804,7.5436e-05,,
0.51094,8.2344e-05,,,0.53022,7.6889e-05,,,0.54391,7.6278e-05,,,0.56166,7.5727e-05,,
0.51429,8.2139e-05,,,0.53386,7.7168e-05,,,0.54728,7.6015e-05,,,0.56496,7.5499e-05,,
0.51762,8.1813e-05,,,0.53718,7.6996e-05,,,0.55098,7.6299e-05,,,0.5683,7.534e-05,,
0.52091,8.1445e-05,,,0.54054,7.6858e-05,,,0.55432,7.6098e-05,,,0.57195,7.5584e-05,,
0.52457,8.1654e-05,,,0.5439,7.6748e-05,,,0.55768,7.5994e-05,,,0.5753,7.5369e-05,,
0.5279,8.1475e-05,,,0.54762,7.7161e-05,,,0.56098,7.5704e-05,,,0.57893,7.5498e-05,,
0.53125,8.1304e-05,,,0.55097,7.7e-05,,,0.5643,7.5689e-05,,,0.58224,7.5283e-05,,
0.53456,8.0929e-05,,,0.55432,7.6781e-05,,,0.56793,7.5985e-05,,,0.58595,7.571e-05,,
0.5382,8.1112e-05,,,0.55768,7.6695e-05,,,0.57128,7.5824e-05,,,0.5893,7.5442e-05,,
0.5416,8.0766e-05,,,0.56098,7.6553e-05,,,0.5746,7.5571e-05,,,0.593,7.5824e-05,,
0.54495,8.0612e-05,,,0.56426,7.6404e-05,,,0.57826,7.5989e-05,,,0.59638,7.587e-05,,
0.54864,8.1061e-05,,,0.56791,7.6757e-05,,,0.5816,7.5711e-05,,,0.59972,7.5865e-05,,
0.552,8.0852e-05,,,0.57123,7.6591e-05,,,0.58493,7.5718e-05,,,0.60304,7.5713e-05,,
0.55534,8.0844e-05,,,0.5746,7.6588e-05,,,0.58861,7.613e-05,,,0.60668,7.6065e-05,,
0.55865,8.072e-05,,,0.57793,7.6466e-05,,,0.59202,7.6102e-05,,,0.61004,7.5866e-05,,
0.56197,8.0474e-05,,,0.58159,7.69e-05,,,0.59537,7.6103e-05,,,0.61368,7.6303e-05,,
0.56526,8.0327e-05,,,0.58492,7.6795e-05,,,0.59905,7.6498e-05,,,0.61702,7.6183e-05,,
0.56858,8.0307e-05,,,0.58826,7.6569e-05,,,0.60235,7.6372e-05,,,0.62069,7.6524e-05,,
0.57226,8.0512e-05,,,0.59197,7.6973e-05,,,0.60569,7.6317e-05,,,0.62397,7.6533e-05,,
0.57562,8.044e-05,,,0.59535,7.7012e-05,,,0.60932,7.6706e-05,,,0.6277,7.6946e-05,,
0.57893,8.0437e-05,,,0.59868,7.7034e-05,,,0.61267,7.6688e-05,,,0.63104,7.6843e-05,,
0.58223,8.0373e-05,,,0.60232,7.7425e-05,,,0.61598,7.6553e-05,,,0.63473,7.7338e-05,,
0.5856,8.0401e-05,,,0.60564,7.7341e-05,,,0.61965,7.6819e-05,,,0.6381,7.7304e-05,,
0.58895,8.0433e-05,,,0.60896,7.7259e-05,,,0.6233,7.727e-05,,,0.64144,7.731e-05,,
0.59232,8.0573e-05,,,0.61231,7.7305e-05,,,0.62659,7.714e-05,,,0.64507,7.7708e-05,,
0.596,8.1169e-05,,,0.61595,7.7816e-05,,,0.63033,7.7564e-05,,,0.64839,7.7583e-05,,
0.59939,8.115e-05,,,0.61929,7.7851e-05,,,0.63371,7.7525e-05,,,0.65202,7.7938e-05,,
0.60268,8.1189e-05,,,0.62261,7.7828e-05,,,0.63739,7.7969e-05,,,0.65538,7.7872e-05,,
0.60603,8.1253e-05,,,0.62593,7.7937e-05,,,0.64074,7.7822e-05,,,0.65906,7.833e-05,,
0.6093,8.1228e-05,,,0.62965,7.8512e-05,,,0.64441,7.8353e-05,,,0.66236,7.8207e-05,,
0.61266,8.1252e-05,,,0.633,7.8564e-05,,,0.64771,7.8266e-05,,,0.66571,7.8233e-05,,
0.61599,8.1369e-05,,,0.63635,7.8608e-05,,,0.65104,7.8138e-05,,,0.66935,7.8567e-05,,
0.61933,8.1667e-05,,,0.63972,7.8655e-05,,,0.65467,7.8674e-05,,,0.67273,7.8544e-05,,
0.62262,8.1576e-05,,,0.64309,7.8744e-05,,,0.65799,7.8645e-05,,,0.67643,7.8982e-05,,
0.62629,8.2207e-05,,,0.64669,7.9202e-05,,,0.66138,7.8647e-05,,,0.67976,7.9009e-05,,
0.62968,8.251e-05,,,0.65001,7.9209e-05,,,0.66499,7.9101e-05,,,0.68351,7.9338e-05,,
0.63303,8.2536e-05,,,0.65332,7.9127e-05,,,0.66833,7.9193e-05,,,0.68678,7.9318e-05,,
0.63639,8.2637e-05,,,0.65664,7.9032e-05,,,0.67167,7.923e-05,,,0.69041,7.9673e-05,,
0.63975,8.275e-05,,,0.66033,7.9664e-05,,,0.6754,7.9801e-05,,,0.69378,7.9656e-05,,
0.64311,8.2704e-05,,,0.66364,7.967e-05,,,0.67871,7.9791e-05,,,0.69743,8.0089e-05,,
0.64673,8.3271e-05,,,0.66731,8.0107e-05,,,0.68209,7.9817e-05,,,0.70076,7.9987e-05,,
0.65003,8.33e-05,,,0.67063,8.0153e-05,,,0.68578,8.024e-05,,,0.7041,7.989e-05,,
0.65332,8.3361e-05,,,0.67401,8.0271e-05,,,0.68906,8.0193e-05,,,0.70775,8.0247e-05,,
0.65666,8.3529e-05,,,0.67771,8.074e-05,,,0.69244,8.0134e-05,,,0.71108,8.014e-05,,
0.66038,8.4302e-05,,,0.68109,8.0719e-05,,,0.69606,8.062e-05,,,0.71476,8.0501e-05,,
0.66369,8.4378e-05,,,0.68444,8.0789e-05,,,0.69942,8.0554e-05,,,0.71815,8.0425e-05,,
0.66664,8.3728e-05,,,0.68774,8.0784e-05,,,0.70276,8.0506e-05,,,0.72186,8.0822e-05,,
0.67032,8.45e-05,,,0.69142,8.1322e-05,,,0.70607,8.0244e-05,,,0.72517,8.0679e-05,,
0.67368,8.4602e-05,,,0.69473,8.135e-05,,,0.70972,8.0724e-05,,,0.72888,8.0998e-05,,
0.67706,8.4776e-05,,,0.69805,8.1322e-05,,,0.7131,8.0735e-05,,,0.7322,8.0794e-05,,
0.68043,8.4939e-05,,,0.70138,8.1389e-05,,,0.71678,8.1284e-05,,,0.73582,8.112e-05,,
0.68413,8.5531e-05,,,0.70505,8.1919e-05,,,0.72011,8.1193e-05,,,0.73916,8.0881e-05,,
0.68743,8.5618e-05,,,0.70836,8.1661e-05,,,0.7238,8.159e-05,,,0.7428,8.1246e-05,,
0.69072,8.5711e-05,,,0.7117,8.1687e-05,,,0.72719,8.1581e-05,,,0.74614,8.1021e-05,,
0.69404,8.5856e-05,,,0.71543,8.2291e-05,,,0.73051,8.1495e-05,,,0.74947,8.0917e-05,,
0.69738,8.5978e-05,,,0.71877,8.2286e-05,,,0.73381,8.1454e-05,,,0.75313,8.1346e-05,,
0.70071,8.5945e-05,,,0.72213,8.2193e-05,,,0.73744,8.1895e-05,,,0.75651,8.1307e-05,,
0.7044,8.66e-05,,,0.72547,8.2241e-05,,,0.74078,8.193e-05,,,0.7602,8.1733e-05,,
0.70768,8.646e-05,,,0.72914,8.2555e-05,,,0.74407,8.1773e-05,,,0.76359,8.1129e-05,,
0.71137,8.7043e-05,,,0.73249,8.2548e-05,,,0.74747,8.1856e-05,,,0.76762,8.2097e-05,,
0.71473,8.7085e-05,,,0.73578,8.2643e-05,,,0.75111,8.2263e-05,,,0.77096,8.2066e-05,,
0.7181,8.7097e-05,,,0.73913,8.2649e-05,,,0.75444,8.2162e-05,,,0.77457,8.2362e-05,,
0.72145,8.7147e-05,,,0.74246,8.2712e-05,,,0.7578,8.2213e-05,,,0.7779,8.2059e-05,,
0.72483,8.7143e-05,,,0.7458,8.2789e-05,,,0.76151,8.2612e-05,,,0.78154,8.2504e-05,,
0.7285,8.7749e-05,,,0.74913,8.2863e-05,,,0.76488,8.2489e-05,,,0.78489,8.2271e-05,,
0.73182,8.7671e-05,,,0.75246,8.2809e-05,,,0.76827,8.2435e-05,,,0.78857,8.2641e-05,,
0.73513,8.7668e-05,,,0.75581,8.3029e-05,,,0.77194,8.2883e-05,,,0.79189,8.2472e-05,,
0.73844,8.765e-05,,,0.75917,8.3166e-05,,,0.77523,8.2703e-05,,,0.79555,8.2839e-05,,
0.74178,8.7632e-05,,,0.76253,8.3061e-05,,,0.77859,8.259e-05,,,0.79894,8.2776e-05,,
0.74546,8.8253e-05,,,0.76625,8.3587e-05,,,0.78224,8.3137e-05,,,0.8023,8.2801e-05,,
0.74882,8.8272e-05,,,0.76958,8.3539e-05,,,0.78554,8.2938e-05,,,0.80599,8.3199e-05,,
0.75212,8.8146e-05,,,0.77324,8.3962e-05,,,0.78891,8.2893e-05,,,0.80937,8.297e-05,,
0.7555,8.7991e-05,,,0.77657,8.3932e-05,,,0.79256,8.3445e-05,,,0.81307,8.3415e-05,,
0.75918,8.8532e-05,,,0.77988,8.3844e-05,,,0.79591,8.337e-05,,,0.81672,8.3725e-05,,
0.76256,8.8599e-05,,,0.78323,8.3947e-05,,,0.79961,8.3937e-05,,,0.82003,8.3588e-05,,
0.76591,8.8673e-05,,,0.78655,8.3871e-05,,,0.80294,8.3855e-05,,,0.82368,8.3961e-05,,
0.76927,8.8675e-05,,,0.79025,8.4486e-05,,,0.80632,8.3743e-05,,,0.82698,8.3966e-05,,
0.77292,8.92e-05,,,0.79352,8.4472e-05,,,0.81002,8.4181e-05,,,0.83035,8.4014e-05,,
0.77619,8.9109e-05,,,0.79683,8.4564e-05,,,0.81338,8.4107e-05,,,0.83406,8.4567e-05,,
0.77955,8.9221e-05,,,0.80022,8.465e-05,,,0.817,8.447e-05,,,0.83734,8.4432e-05,,
0.78288,8.9244e-05,,,0.80355,8.4653e-05,,,0.82033,8.4393e-05,,,0.84104,8.4687e-05,,
0.78624,8.935e-05,,,0.80693,8.4802e-05,,,0.82365,8.4448e-05,,,0.84473,8.4919e-05,,
0.78956,8.9477e-05,,,0.81032,8.4948e-05,,,0.82732,8.484e-05,,,0.84843,8.545e-05,,
0.79288,8.9493e-05,,,0.81369,8.5159e-05,,,0.83068,8.4855e-05,,,0.85215,8.5972e-05,,
0.7962,8.9582e-05,,,0.81734,8.5642e-05,,,0.83433,8.538e-05,,,0.85551,8.5876e-05,,
0.79961,8.9903e-05,,,0.82067,8.55e-05,,,0.83765,8.5386e-05,,,0.85915,8.6223e-05,,
0.80293,9.0016e-05,,,0.82396,8.5418e-05,,,0.841,8.5467e-05,,,0.86249,8.6316e-05,,
0.8063,9.015e-05,,,0.82764,8.6024e-05,,,0.84471,8.6118e-05,,,0.8661,8.675e-05,,
0.80966,9.027e-05,,,0.831,8.6102e-05,,,0.84806,8.6214e-05,,,0.86943,8.6828e-05,,
0.81305,9.0398e-05,,,0.83434,8.6081e-05,,,0.85146,8.6302e-05,,,0.87279,8.7025e-05,,
0.81631,9.0448e-05,,,0.83798,8.638e-05,,,0.85513,8.681e-05,,,0.87643,8.7632e-05,,
0.81997,9.085e-05,,,0.84165,8.7006e-05,,,0.8585,8.6859e-05,,,0.87975,8.7732e-05,,
0.82328,9.0933e-05,,,0.84502,8.7056e-05,,,0.86179,8.675e-05,,,0.88305,8.7837e-05,,
0.82665,9.1121e-05,,,0.84839,8.7287e-05,,,0.86544,8.7404e-05,,,0.88678,8.8577e-05,,
0.82998,9.1331e-05,,,0.8518,8.7497e-05,,,0.86879,8.7498e-05,,,0.89013,8.8797e-05,,
0.83333,9.1312e-05,,,0.85515,8.7547e-05,,,0.87244,8.8057e-05,,,0.89378,8.9405e-05,,
0.83698,9.1712e-05,,,0.85881,8.8377e-05,,,0.87574,8.8247e-05,,,0.89718,8.9596e-05,,
0.84032,9.1807e-05,,,0.86176,8.8002e-05,,,0.87941,8.8839e-05,,,0.90047,8.9787e-05,,
0.84402,9.2423e-05,,,0.86542,8.8634e-05,,,0.88272,8.8724e-05,,,0.90413,9.0429e-05,,
0.8474,9.268e-05,,,0.86876,8.8766e-05,,,0.88643,8.9472e-05,,,0.90742,9.0612e-05,,
0.85075,9.2793e-05,,,0.87208,8.8903e-05,,,0.88982,8.967e-05,,,0.91107,9.1336e-05,,
0.85413,9.3002e-05,,,0.8754,8.8919e-05,,,0.89315,8.9961e-05,,,0.91439,9.1615e-05,,
0.85781,9.3684e-05,,,0.87902,8.9425e-05,,,0.89684,9.0754e-05,,,0.91808,9.246e-05,,
0.8611,9.3884e-05,,,0.88271,9.0103e-05,,,0.90014,9.0879e-05,,,0.92141,9.2632e-05,,
0.86439,9.3968e-05,,,0.88607,9.0429e-05,,,0.90346,9.1106e-05,,,0.92505,9.3474e-05,,
0.86775,9.4012e-05,,,0.88945,9.0778e-05,,,0.90703,9.1804e-05,,,0.92839,9.3898e-05,,
0.87104,9.3977e-05,,,0.89279,9.1083e-05,,,0.9104,9.2099e-05,,,0.93211,9.4851e-05,,
0.87474,9.4715e-05,,,0.89647,9.1815e-05,,,0.91374,9.2399e-05,,,0.93548,9.5268e-05,,
0.87804,9.4884e-05,,,0.89982,9.2135e-05,,,0.91745,9.3292e-05,,,0.93882,9.5823e-05,,
0.88172,9.5565e-05,,,0.90309,9.2431e-05,,,0.9207,9.3629e-05,,,0.94251,9.6775e-05,,
0.88509,9.5876e-05,,,0.9064,9.2742e-05,,,0.92405,9.3954e-05,,,0.94581,9.7164e-05,,
0.88844,9.6139e-05,,,0.91009,9.363e-05,,,0.92775,9.4957e-05,,,0.94947,9.8312e-05,,
0.89177,9.6464e-05,,,0.91341,9.41e-05,,,0.93106,9.5378e-05,,,0.95282,9.8905e-05,,
0.89548,9.727e-05,,,0.91676,9.4429e-05,,,0.93448,9.5985e-05,,,0.95613,9.9528e-05,,
0.89881,9.7632e-05,,,0.92008,9.4827e-05,,,0.9382,9.7019e-05,,,0.95981,0.0001007,,
0.90214,9.7863e-05,,,0.92339,9.5313e-05,,,0.94152,9.7555e-05,,,0.96312,0.00010133,,
0.90544,9.8234e-05,,,0.92706,9.6313e-05,,,0.94482,9.8013e-05,,,0.96644,0.00010207,,
0.90875,9.8527e-05,,,0.9304,9.6662e-05,,,0.94846,9.9045e-05,,,0.97015,0.00010335,,
0.91238,9.9229e-05,,,0.93375,9.7219e-05,,,0.95181,9.9619e-05,,,0.97351,0.00010407,,
0.91577,9.9717e-05,,,0.93744,9.8319e-05,,,0.95514,0.00010027,,,0.97721,0.00010549,,
0.91909,0.00010012,,,0.94083,9.8958e-05,,,0.95881,0.00010141,,,0.98055,0.00010643,,
0.92239,0.00010056,,,0.94414,9.9535e-05,,,0.96248,0.00010262,,,0.98425,0.00010779,,
0.92571,0.00010107,,,0.94744,0.00010011,,,0.96577,0.00010338,,,0.98757,0.00010875,,
0.92942,0.00010203,,,0.95109,0.00010121,,,0.96914,0.00010418,,,0.99082,0.00010964,,
0.93279,0.0001026,,,0.95446,0.00010197,,,0.97249,0.00010504,,,0.99449,0.00011116,,
0.93611,0.00010315,,,0.95777,0.00010276,,,0.97618,0.00010647,,,0.99782,0.0001122,,
0.93948,0.00010376,,,0.96112,0.00010349,,,0.97955,0.00010735,,,1.0012,0.00011329,,
0.94283,0.00010441,,,0.96478,0.00010469,,,0.9829,0.00010833,,,1.0041,0.00011406,,
0.94613,0.000105,,,0.96808,0.00010552,,,0.98656,0.00010967,,,1.0004,0.00010593,,
0.94976,0.00010611,,,0.97148,0.00010642,,,0.98986,0.00011072,,,0.99714,9.9553e-05,,
0.9531,0.00010684,,,0.97481,0.0001074,,,0.99316,0.00011169,,,0.99377,9.3716e-05,,
0.95643,0.00010752,,,0.97852,0.00010886,,,0.99685,0.00011325,,,0.99016,8.8062e-05,,
0.95975,0.00010806,,,0.9819,0.00010976,,,1.0002,0.00011429,,,0.98655,8.2978e-05,,
0.96341,0.0001097,,,0.98526,0.00011067,,,1.0035,0.0001155,,,0.98321,7.8696e-05,,
0.9664,0.00011036,,,0.98887,0.00011218,,,1.0015,0.00010959,,,0.97984,7.4548e-05,,
0.96945,0.00011116,,,0.9922,0.0001132,,,0.99819,0.00010271,,,0.97617,7.0164e-05,,
0.97246,0.00011149,,,0.99553,0.00011427,,,0.99483,9.6728e-05,,,0.97281,6.6542e-05,,
0.97584,0.00011295,,,0.99883,0.00011543,,,0.9912,9.0884e-05,,,0.96947,6.3037e-05,,
0.97885,0.00011359,,,1.0025,0.00011715,,,0.98786,8.6051e-05,,,0.96573,5.9266e-05,,
0.98187,0.0001146,,,1.0032,0.00011474,,,0.98426,8.1082e-05,,,0.96245,5.6227e-05,,
0.9849,0.0001156,,,0.99949,0.00010694,,,0.98086,7.6809e-05,,,0.9591,5.314e-05,,
0.98785,0.00011647,,,0.99617,0.00010063,,,0.97754,7.2819e-05,,,0.95546,4.9796e-05,,
0.99083,0.00011749,,,0.99285,9.5075e-05,,,0.97381,6.8633e-05,,,0.95211,4.7031e-05,,
0.99382,0.00011824,,,0.98919,8.9462e-05,,,0.97047,6.5095e-05,,,0.94844,4.3886e-05,,
0.99683,0.00011885,,,0.98587,8.4863e-05,,,0.96709,6.1648e-05,,,0.94512,4.1392e-05,,
1.0001,0.00012045,,,0.98254,8.045e-05,,,0.96343,5.797e-05,,,0.94181,3.8968e-05,,
1.0032,0.00012167,,,0.97885,7.5801e-05,,,0.96012,5.4924e-05,,,0.93812,3.6071e-05,,
1.0025,0.00011791,,,0.97548,7.1988e-05,,,0.95678,5.1922e-05,,,0.93479,3.3768e-05,,
0.99951,0.00011113,,,0.97181,6.7888e-05,,,0.95313,4.8594e-05,,,0.93106,3.1029e-05,,
0.99615,0.00010482,,,0.9684,6.4379e-05,,,0.94981,4.5917e-05,,,0.92772,2.8876e-05,,
0.99283,9.907e-05,,,0.96476,6.0728e-05,,,0.94647,4.33e-05,,,0.92402,2.6365e-05,,
0.98951,9.3821e-05,,,0.96144,5.7564e-05,,,0.94288,4.0383e-05,,,0.92071,2.4396e-05,,
0.98622,8.9083e-05,,,0.9581,5.4419e-05,,,0.93954,3.791e-05,,,0.91707,2.2062e-05,,
0.98255,8.4156e-05,,,0.95445,5.0907e-05,,,0.93582,3.4954e-05,,,0.91371,2.008e-05,,
0.97919,7.9892e-05,,,0.9511,4.8083e-05,,,0.93245,3.2647e-05,,,0.91008,1.7811e-05,,
0.97584,7.5885e-05,,,0.94778,4.5398e-05,,,0.92911,3.0374e-05,,,0.90673,1.5995e-05,,
0.97245,7.2106e-05,,,0.94447,4.2746e-05,,,0.92538,2.7768e-05,,,0.90347,1.434e-05,,
0.96881,6.802e-05,,,0.94117,4.0204e-05,,,0.92206,2.5667e-05,,,0.8998,1.2262e-05,,
0.96541,6.4473e-05,,,0.93748,3.7219e-05,,,0.91842,2.3248e-05,,,0.89646,1.0591e-05,,
0.96209,6.1226e-05,,,0.9341,3.4755e-05,,,0.91504,2.1335e-05,,,0.89313,8.9693e-06,,
0.95846,5.7684e-05,,,0.93075,3.242e-05,,,0.91174,1.9459e-05,,,0.8898,7.4487e-06,,
0.9551,5.4625e-05,,,0.9274,3.0142e-05,,,0.90807,1.7153e-05,,,0.8861,5.4451e-06,,
0.95176,5.172e-05,,,0.92402,2.7932e-05,,,0.9048,1.5511e-05,,,0.88273,4.0419e-06,,
0.94844,4.8863e-05,,,0.92036,2.5427e-05,,,0.90147,1.3776e-05,,,0.87938,2.6562e-06,,
0.94514,4.6067e-05,,,0.91708,2.3359e-05,,,0.89781,1.1691e-05,,,0.87573,8.6951e-07,,
0.94184,4.3516e-05,,,0.9134,2.0941e-05,,,0.89446,1.0106e-05,,,0.87239,-3.9668e-07,,
0.9385,4.0895e-05,,,0.91007,1.912e-05,,,0.8911,8.4287e-06,,,0.86908,-1.5217e-06,,
0.93514,3.8205e-05,,,0.90674,1.7227e-05,,,0.88742,6.4386e-06,,,0.86539,-3.2634e-06,,
0.93179,3.5783e-05,,,0.90343,1.5635e-05,,,0.88409,5.0099e-06,,,0.8621,-4.3522e-06,,
0.92844,3.3331e-05,,,0.8998,1.3421e-05,,,0.88037,3.1194e-06,,,0.85846,-5.707e-06,,
0.92473,3.0604e-05,,,0.89613,1.1291e-05,,,0.87705,1.9107e-06,,,0.85514,-6.6834e-06,,
0.9214,2.8454e-05,,,0.89279,9.7127e-06,,,0.87373,5.5854e-07,,,0.85149,-8.2569e-06,,
0.9181,2.6435e-05,,,0.88942,8.0771e-06,,,0.87009,-1.2026e-06,,,0.84809,-9.3115e-06,,
0.91474,2.4229e-05,,,0.88607,6.4823e-06,,,0.86674,-2.4693e-06,,,0.84437,-1.0703e-05,,
0.91107,2.1768e-05,,,0.88236,4.4611e-06,,,0.86347,-3.5558e-06,,,0.84101,-1.1506e-05,,
0.90775,1.9896e-05,,,0.87899,3.0777e-06,,,0.85979,-5.1681e-06,,,0.8373,-1.2928e-05,,
0.90444,1.8176e-05,,,0.87571,1.7493e-06,,,0.8565,-6.1654e-06,,,0.83401,-1.3577e-05,,
0.90116,1.6356e-05,,,0.8724,5.1898e-07,,,0.85315,-7.3391e-06,,,0.83032,-1.4621e-05,,
0.89749,1.4051e-05,,,0.86875,-1.0374e-06,,,0.84941,-9.0038e-06,,,0.82694,-1.5445e-05,,
0.89416,1.2388e-05,,,0.86508,-2.7811e-06,,,0.84607,-9.9699e-06,,,0.82328,-1.6597e-05,,
0.89081,1.0697e-05,,,0.86178,-4.0355e-06,,,0.84269,-1.0968e-05,,,0.81998,-1.7181e-05,,
0.88746,9.0192e-06,,,0.8585,-5.132e-06,,,0.83936,-1.1886e-05,,,0.81634,-1.8317e-05,,
0.88411,7.4011e-06,,,0.85517,-6.2414e-06,,,0.83568,-1.3228e-05,,,0.81306,-1.8845e-05,,
0.88074,5.8237e-06,,,0.8518,-7.4106e-06,,,0.83237,-1.4089e-05,,,0.80968,-1.9479e-05,,
0.8774,4.3159e-06,,,0.84807,-9.0027e-06,,,0.82899,-1.4996e-05,,,0.806,-2.0622e-05,,
0.87372,2.4139e-06,,,0.84473,-1.0024e-05,,,0.82534,-1.6155e-05,,,0.80262,-2.127e-05,,
0.87043,1.0554e-06,,,0.84135,-1.1047e-05,,,0.82202,-1.671e-05,,,0.79892,-2.2381e-05,,
0.86707,-2.2477e-07,,,0.83801,-1.206e-05,,,0.81835,-1.7846e-05,,,0.79555,-2.2855e-05,,
0.86381,-1.4762e-06,,,0.83468,-1.2987e-05,,,0.81502,-1.8543e-05,,,0.79223,-2.3295e-05,,
0.86044,-2.7607e-06,,,0.831,-1.4353e-05,,,0.81171,-1.9101e-05,,,0.78859,-2.4164e-05,,
0.85717,-3.9068e-06,,,0.82764,-1.5248e-05,,,0.80834,-1.9815e-05,,,0.78521,-2.457e-05,,
0.85382,-5.1196e-06,,,0.82431,-1.6016e-05,,,0.80469,-2.095e-05,,,0.78151,-2.5483e-05,,
0.85013,-6.9156e-06,,,0.821,-1.6756e-05,,,0.80129,-2.1615e-05,,,0.77822,-2.585e-05,,
0.84674,-7.9123e-06,,,0.81768,-1.751e-05,,,0.79757,-2.2651e-05,,,0.77454,-2.6605e-05,,
0.84336,-9.1382e-06,,,0.81408,-1.8706e-05,,,0.79424,-2.3236e-05,,,0.77126,-2.6915e-05,,
0.84001,-9.9321e-06,,,0.81069,-1.9343e-05,,,0.7909,-2.3656e-05,,,0.76794,-2.7342e-05,,
0.83668,-1.0987e-05,,,0.80735,-1.9994e-05,,,0.78759,-2.4106e-05,,,0.76422,-2.8122e-05,,
0.83334,-1.1913e-05,,,0.80396,-2.0531e-05,,,0.78393,-2.5089e-05,,,0.76089,-2.843e-05,,
0.82964,-1.3376e-05,,,0.80025,-2.1572e-05,,,0.78056,-2.5518e-05,,,0.7572,-2.9255e-05,,
0.82634,-1.4234e-05,,,0.79657,-2.2683e-05,,,0.77726,-2.5926e-05,,,0.75383,-2.9478e-05,,
0.823,-1.5116e-05,,,0.79322,-2.3282e-05,,,0.7736,-2.6832e-05,,,0.75047,-2.9759e-05,,
0.81968,-1.594e-05,,,0.78992,-2.3818e-05,,,0.77031,-2.707e-05,,,0.74683,-3.0463e-05,,
0.81638,-1.6787e-05,,,0.78654,-2.4136e-05,,,0.76692,-2.7368e-05,,,0.74348,-3.0718e-05,,
0.81306,-1.7506e-05,,,0.78291,-2.4869e-05,,,0.76323,-2.8251e-05,,,0.73981,-3.1383e-05,,
0.80937,-1.8792e-05,,,0.77924,-2.581e-05,,,0.75984,-2.8594e-05,,,0.7365,-3.1562e-05,,
0.806,-1.9513e-05,,,0.7759,-2.6312e-05,,,0.75617,-2.9391e-05,,,0.73317,-3.1715e-05,,
0.80264,-2.0174e-05,,,0.77261,-2.6698e-05,,,0.75285,-2.968e-05,,,0.72954,-3.2279e-05,,
0.79931,-2.0855e-05,,,0.76928,-2.709e-05,,,0.7495,-2.9946e-05,,,0.72621,-3.2464e-05,,
0.7959,-2.1547e-05,,,0.76555,-2.8128e-05,,,0.74586,-3.0658e-05,,,0.72287,-3.2541e-05,,
0.79256,-2.2177e-05,,,0.76218,-2.8509e-05,,,0.74246,-3.0922e-05,,,0.71918,-3.3192e-05,,
0.78927,-2.2717e-05,,,0.75881,-2.8898e-05,,,0.73915,-3.1092e-05,,,0.71578,-3.346e-05,,
0.78559,-2.3809e-05,,,0.75546,-2.9255e-05,,,0.7355,-3.1875e-05,,,0.71207,-3.4087e-05,,
0.78227,-2.4344e-05,,,0.75209,-2.9651e-05,,,0.73213,-3.2053e-05,,,0.70873,-3.4061e-05,,
0.7789,-2.4874e-05,,,0.74849,-3.0226e-05,,,0.72855,-3.2586e-05,,,0.70513,-3.4535e-05,,
0.77555,-2.5361e-05,,,0.74514,-3.0497e-05,,,0.72519,-3.2649e-05,,,0.7018,-3.4677e-05,,
0.77226,-2.583e-05,,,0.74147,-3.1279e-05,,,0.72149,-3.3351e-05,,,0.69811,-3.5177e-05,,
0.76894,-2.6348e-05,,,0.73815,-3.149e-05,,,0.71816,-3.3277e-05,,,0.69476,-3.5046e-05,,
0.76522,-2.7301e-05,,,0.73483,-3.1788e-05,,,0.71445,-3.4014e-05,,,0.69113,-3.5542e-05,,
0.76189,-2.775e-05,,,0.73149,-3.1747e-05,,,0.71107,-3.4209e-05,,,0.68746,-3.58e-05,,
0.75851,-2.8197e-05,,,0.72788,-3.2472e-05,,,0.70774,-3.4242e-05,,,0.68414,-3.558e-05,,
0.75516,-2.8536e-05,,,0.72416,-3.3298e-05,,,0.70407,-3.4813e-05,,,0.68046,-3.5928e-05,,
0.75182,-2.8887e-05,,,0.7208,-3.3467e-05,,,0.70074,-3.4946e-05,,,0.67673,-3.6503e-05,,
0.74813,-2.9738e-05,,,0.71742,-3.349e-05,,,0.6974,-3.5032e-05,,,0.67301,-3.6956e-05,,
0.74482,-3.031e-05,,,0.71376,-3.4204e-05,,,0.69375,-3.5625e-05,,,0.66973,-3.6973e-05,,
0.74181,-3.0209e-05,,,0.71037,-3.4457e-05,,,0.69043,-3.5731e-05,,,0.66602,-3.756e-05,,
0.73845,-3.0689e-05,,,0.70704,-3.4548e-05,,,0.68678,-3.62e-05,,,0.66268,-3.7388e-05,,
0.73516,-3.0988e-05,,,0.70374,-3.478e-05,,,0.68349,-3.6377e-05,,,0.65939,-3.7525e-05,,
0.73182,-3.1309e-05,,,0.70042,-3.4939e-05,,,0.68008,-3.6354e-05,,,0.65569,-3.7766e-05,,
0.72853,-3.1359e-05,,,0.69676,-3.5573e-05,,,0.67675,-3.6494e-05,,,0.65201,-3.8091e-05,,
0.72483,-3.2129e-05,,,0.6934,-3.538e-05,,,0.67306,-3.7129e-05,,,0.64873,-3.8049e-05,,
0.72144,-3.255e-05,,,0.68975,-3.5844e-05,,,0.66972,-3.7298e-05,,,0.64508,-3.8354e-05,,
0.71811,-3.2792e-05,,,0.68612,-3.6273e-05,,,0.66634,-3.7381e-05,,,0.64177,-3.8379e-05,,
0.71442,-3.36e-05,,,0.6828,-3.6331e-05,,,0.66269,-3.7813e-05,,,0.6384,-3.8465e-05,,
0.71102,-3.3925e-05,,,0.67911,-3.6858e-05,,,0.65936,-3.788e-05,,,0.63473,-3.9018e-05,,
0.70772,-3.4071e-05,,,0.67574,-3.6735e-05,,,0.65601,-3.8052e-05,,,0.63135,-3.9074e-05,,
0.70441,-3.4295e-05,,,0.67201,-3.7365e-05,,,0.6527,-3.7996e-05,,,0.62801,-3.902e-05,,
0.70102,-3.4553e-05,,,0.66867,-3.754e-05,,,0.64904,-3.8605e-05,,,0.6243,-3.944e-05,,
0.69773,-3.4715e-05,,,0.66531,-3.7631e-05,,,0.64575,-3.8556e-05,,,0.62065,-3.9814e-05,,
0.69437,-3.5039e-05,,,0.66168,-3.8128e-05,,,0.64245,-3.8309e-05,,,0.61731,-3.9753e-05,,
0.69105,-3.5253e-05,,,0.65833,-3.821e-05,,,0.63874,-3.8943e-05,,,0.61399,-3.9659e-05,,
0.68774,-3.5484e-05,,,0.65502,-3.8326e-05,,,0.63538,-3.8871e-05,,,0.61031,-4.021e-05,,
0.68406,-3.6125e-05,,,0.65167,-3.8406e-05,,,0.63166,-3.9405e-05,,,0.60702,-4.0305e-05,,
0.6807,-3.6262e-05,,,0.64837,-3.8443e-05,,,0.62832,-3.9233e-05,,,0.60368,-4.0303e-05,,
0.67736,-3.6306e-05,,,0.64472,-3.8987e-05,,,0.62495,-3.9203e-05,,,0.60004,-4.0592e-05,,
0.67394,-3.6268e-05,,,0.6414,-3.9092e-05,,,0.62129,-3.9712e-05,,,0.59666,-4.0424e-05,,
0.67026,-3.6887e-05,,,0.63805,-3.9198e-05,,,0.61797,-3.9705e-05,,,0.59296,-4.0872e-05,,
0.66693,-3.7035e-05,,,0.6347,-3.9303e-05,,,0.61461,-3.9862e-05,,,0.58962,-4.0766e-05,,
0.66362,-3.7145e-05,,,0.6313,-3.948e-05,,,0.61099,-4.0181e-05,,,0.58593,-4.1148e-05,,
0.65994,-3.7779e-05,,,0.62759,-4.0039e-05,,,0.60764,-4.0163e-05,,,0.58257,-4.1121e-05,,
0.6566,-3.7914e-05,,,0.62427,-4.0167e-05,,,0.60398,-4.0637e-05,,,0.57891,-4.1462e-05,,
0.65326,-3.8054e-05,,,0.62095,-4.0106e-05,,,0.60069,-4.0503e-05,,,0.57562,-4.1327e-05,,
0.64995,-3.7978e-05,,,0.61764,-4.0169e-05,,,0.59734,-4.0478e-05,,,0.57189,-4.179e-05,,
0.64633,-3.8603e-05,,,0.61393,-4.0658e-05,,,0.59364,-4.1049e-05,,,0.56858,-4.1461e-05,,
0.64301,-3.865e-05,,,0.6106,-4.0711e-05,,,0.59027,-4.1103e-05,,,0.56492,-4.1922e-05,,
0.63967,-3.8554e-05,,,0.60728,-4.0427e-05,,,0.58689,-4.1119e-05,,,0.56161,-4.1714e-05,,
0.636,-3.9153e-05,,,0.60363,-4.0951e-05,,,0.58319,-4.1242e-05,,,0.55799,-4.2106e-05,,
0.63265,-3.927e-05,,,0.60032,-4.0753e-05,,,0.57952,-4.1791e-05,,,0.55463,-4.1961e-05,,
0.62931,-3.9412e-05,,,0.59665,-4.127e-05,,,0.57623,-4.1713e-05,,,0.55095,-4.2422e-05,,
0.62591,-3.9501e-05,,,0.59327,-4.1504e-05,,,0.57289,-4.1675e-05,,,0.5476,-4.2345e-05,,
0.62256,-3.9508e-05,,,0.58994,-4.1195e-05,,,0.56918,-4.2085e-05,,,0.54424,-4.2294e-05,,
0.61921,-3.92e-05,,,0.58623,-4.1703e-05,,,0.56587,-4.19e-05,,,0.5405,-4.2706e-05,,
0.61559,-3.9769e-05,,,0.58287,-4.1523e-05,,,0.56224,-4.2307e-05,,,0.53716,-4.2669e-05,,
0.61229,-3.9778e-05,,,0.57919,-4.2048e-05,,,0.55894,-4.2208e-05,,,0.5335,-4.3062e-05,,
0.60893,-3.997e-05,,,0.57587,-4.2026e-05,,,0.55558,-4.2023e-05,,,0.53017,-4.2928e-05,,
0.60563,-4.001e-05,,,0.57255,-4.1998e-05,,,0.55189,-4.2622e-05,,,0.5265,-4.3228e-05,,
0.60197,-4.0514e-05,,,0.5692,-4.1996e-05,,,0.54855,-4.2519e-05,,,0.52314,-4.3108e-05,,
0.59868,-4.0483e-05,,,0.56587,-4.1958e-05,,,0.54485,-4.3052e-05,,,0.51979,-4.3107e-05,,
0.59531,-4.0616e-05,,,0.56224,-4.2385e-05,,,0.54154,-4.2739e-05,,,0.51615,-4.3476e-05,,
0.59192,-4.0751e-05,,,0.55896,-4.2115e-05,,,0.53782,-4.3171e-05,,,0.51287,-4.3296e-05,,
0.58856,-4.0933e-05,,,0.55528,-4.2549e-05,,,0.53444,-4.305e-05,,,0.50914,-4.3801e-05,,
0.58522,-4.1063e-05,,,0.55191,-4.2548e-05,,,0.53079,-4.3363e-05,,,0.5058,-4.3791e-05,,
0.58187,-4.1241e-05,,,0.54854,-4.2569e-05,,,0.52746,-4.3263e-05,,,0.50241,-4.3754e-05,,
0.57852,-4.1307e-05,,,0.54485,-4.2992e-05,,,0.52413,-4.3178e-05,,,0.49878,-4.4022e-05,,
0.57522,-4.129e-05,,,0.54152,-4.292e-05,,,0.52048,-4.3547e-05,,,0.49542,-4.3899e-05,,
0.5715,-4.1987e-05,,,0.53809,-4.3116e-05,,,0.51712,-4.3424e-05,,,0.49181,-4.4313e-05,,
0.56822,-4.1642e-05,,,0.53448,-4.3481e-05,,,0.51351,-4.3703e-05,,,0.48847,-4.4196e-05,,
0.56489,-4.1596e-05,,,0.53113,-4.341e-05,,,0.51014,-4.3719e-05,,,0.48482,-4.4501e-05,,
0.56122,-4.2102e-05,,,0.52781,-4.3452e-05,,,0.50679,-4.3654e-05,,,0.48149,-4.4262e-05,,
0.55793,-4.1984e-05,,,0.52446,-4.3413e-05,,,0.50312,-4.4171e-05,,,0.47821,-4.4226e-05,,
0.55459,-4.2004e-05,,,0.52116,-4.3423e-05,,,0.49978,-4.4024e-05,,,0.47455,-4.4476e-05,,
0.55119,-4.2098e-05,,,0.51751,-4.3833e-05,,,0.49645,-4.3735e-05,,,0.47127,-4.4271e-05,,
0.54754,-4.2519e-05,,,0.51417,-4.3797e-05,,,0.49281,-4.4169e-05,,,0.46756,-4.4566e-05,,
0.54419,-4.2518e-05,,,0.51084,-4.3839e-05,,,0.48945,-4.4041e-05,,,0.46388,-4.4844e-05,,
0.54081,-4.2688e-05,,,0.50745,-4.3891e-05,,,0.48579,-4.4534e-05,,,0.46054,-4.4459e-05,,
0.53747,-4.273e-05,,,0.50416,-4.3881e-05,,,0.48247,-4.4419e-05,,,0.45686,-4.4937e-05,,
0.53413,-4.2707e-05,,,0.50045,-4.4164e-05,,,0.47884,-4.4818e-05,,,0.45315,-4.532e-05,,
0.53084,-4.2798e-05,,,0.49708,-4.4085e-05,,,0.47552,-4.4761e-05,,,0.44985,-4.5121e-05,,
0.52748,-4.2894e-05,,,0.49343,-4.4517e-05,,,0.47226,-4.4598e-05,,,0.44621,-4.543e-05,,
0.52415,-4.3023e-05,,,0.49015,-4.442e-05,,,0.46859,-4.5136e-05,,,0.44287,-4.5342e-05,,
0.52082,-4.3118e-05,,,0.4868,-4.4462e-05,,,0.46522,-4.4991e-05,,,0.43919,-4.5627e-05,,
0.51717,-4.3593e-05,,,0.48315,-4.4947e-05,,,0.46187,-4.484e-05,,,0.43588,-4.5532e-05,,
0.51386,-4.3445e-05,,,0.47983,-4.48e-05,,,0.45818,-4.5361e-05,,,0.43226,-4.5501e-05,,
0.51053,-4.3494e-05,,,0.47652,-4.4634e-05,,,0.45481,-4.5317e-05,,,0.42863,-4.5864e-05,,
0.50714,-4.3636e-05,,,0.47322,-4.4588e-05,,,0.45116,-4.5698e-05,,,0.42526,-4.5638e-05,,
0.50342,-4.4005e-05,,,0.46958,-4.5092e-05,,,0.44785,-4.548e-05,,,0.4216,-4.6103e-05,,
0.5001,-4.3995e-05,,,0.46623,-4.5091e-05,,,0.4445,-4.5449e-05,,,0.41818,-4.5948e-05,,
0.49676,-4.4009e-05,,,0.46285,-4.513e-05,,,0.44086,-4.592e-05,,,0.4145,-4.6312e-05,,
0.49342,-4.4255e-05,,,0.45953,-4.5257e-05,,,0.43753,-4.5815e-05,,,0.41115,-4.614e-05,,
0.49013,-4.4802e-05,,,0.45616,-4.5221e-05,,,0.4342,-4.5695e-05,,,0.40751,-4.6504e-05,,
0.48713,-4.432e-05,,,0.45247,-4.5548e-05,,,0.43058,-4.6144e-05,,,0.40419,-4.6241e-05,,
0.48383,-4.4274e-05,,,0.44917,-4.5528e-05,,,0.42725,-4.6032e-05,,,0.40049,-4.6688e-05,,
0.48049,-4.4307e-05,,,0.44584,-4.5412e-05,,,0.42355,-4.6532e-05,,,0.39682,-4.7054e-05,,
0.47719,-4.4337e-05,,,0.44249,-4.5486e-05,,,0.42018,-4.6458e-05,,,0.39353,-4.6837e-05,,
0.47387,-4.4313e-05,,,0.43886,-4.5978e-05,,,0.41683,-4.6427e-05,,,0.38991,-4.718e-05,,
0.47055,-4.4417e-05,,,0.43553,-4.5846e-05,,,0.41351,-4.6396e-05,,,0.38661,-4.6974e-05,,
0.46687,-4.4901e-05,,,0.43222,-4.5889e-05,,,0.40982,-4.6967e-05,,,0.38292,-4.7468e-05,,
0.46351,-4.548e-05,,,0.42892,-4.5838e-05,,,0.4065,-4.6776e-05,,,0.37956,-4.7368e-05,,
0.46049,-4.4875e-05,,,0.42524,-4.6438e-05,,,0.40319,-4.6586e-05,,,0.37619,-4.7415e-05,,
0.45715,-4.4951e-05,,,0.42188,-4.6438e-05,,,0.39949,-4.7032e-05,,,0.3725,-4.7756e-05,,
0.45379,-4.503e-05,,,0.41851,-4.6501e-05,,,0.39616,-4.6951e-05,,,0.36879,-4.8168e-05,,
0.4505,-4.5049e-05,,,0.41517,-4.653e-05,,,0.39253,-4.7276e-05,,,0.36547,-4.8028e-05,,
0.44715,-4.4943e-05,,,0.4118,-4.6565e-05,,,0.38922,-4.7188e-05,,,0.36213,-4.8039e-05,,
0.44351,-4.5513e-05,,,0.40818,-4.7097e-05,,,0.38556,-4.7544e-05,,,0.35847,-4.8531e-05,,
0.44017,-4.5334e-05,,,0.40484,-4.6988e-05,,,0.38225,-4.7553e-05,,,0.35515,-4.8504e-05,,
0.43684,-4.5349e-05,,,0.40151,-4.6948e-05,,,0.37888,-4.7558e-05,,,0.35144,-4.8843e-05,,
0.43319,-4.5893e-05,,,0.39814,-4.6847e-05,,,0.37516,-4.8223e-05,,,0.34815,-4.8791e-05,,
0.42992,-4.6354e-05,,,0.39451,-4.7363e-05,,,0.37184,-4.8232e-05,,,0.34453,-4.9265e-05,,
0.42692,-4.5717e-05,,,0.39121,-4.7195e-05,,,0.36845,-4.8332e-05,,,0.34117,-4.9193e-05,,
0.42352,-4.5889e-05,,,0.38791,-4.7099e-05,,,0.36515,-4.837e-05,,,0.33745,-4.9731e-05,,
0.42019,-4.5853e-05,,,0.38426,-4.7638e-05,,,0.36184,-4.8193e-05,,,0.3341,-4.9672e-05,,
0.41681,-4.5982e-05,,,0.38088,-4.7732e-05,,,0.35814,-4.8766e-05,,,0.33036,-5.0197e-05,,
0.41312,-4.656e-05,,,0.37757,-4.7562e-05,,,0.35484,-4.8863e-05,,,0.32704,-5.014e-05,,
0.40981,-4.6975e-05,,,0.37383,-4.8224e-05,,,0.3515,-4.8898e-05,,,0.32335,-5.0657e-05,,
0.40681,-4.6992e-05,,,0.37045,-4.8288e-05,,,0.34782,-4.9366e-05,,,0.32005,-5.0309e-05,,
0.40382,-4.6413e-05,,,0.36709,-4.8395e-05,,,0.34453,-4.9387e-05,,,0.31633,-5.0848e-05,,
0.40046,-4.6531e-05,,,0.36378,-4.8406e-05,,,0.34118,-4.9385e-05,,,0.31268,-5.1215e-05,,
0.39711,-4.6612e-05,,,0.36045,-4.8399e-05,,,0.33748,-4.9952e-05,,,0.30937,-5.1001e-05,,
0.39383,-4.6677e-05,,,0.35679,-4.9011e-05,,,0.33411,-5.0005e-05,,,0.30572,-5.1391e-05,,
0.3905,-4.6752e-05,,,0.35345,-4.9091e-05,,,0.33076,-5.0027e-05,,,0.30208,-5.1727e-05,,
0.38726,-4.6764e-05,,,0.35014,-4.9044e-05,,,0.32704,-5.0583e-05,,,0.29872,-5.1673e-05,,
0.38356,-4.7348e-05,,,0.34646,-4.9479e-05,,,0.3237,-5.0708e-05,,,0.29502,-5.2193e-05,,
0.38024,-4.7356e-05,,,0.34321,-4.9522e-05,,,0.32038,-5.0718e-05,,,0.29169,-5.2084e-05,,
0.37686,-4.7561e-05,,,0.33984,-4.9509e-05,,,0.3167,-5.1335e-05,,,0.28802,-5.2378e-05,,
0.3735,-4.8126e-05,,,0.33648,-4.9657e-05,,,0.31338,-5.142e-05,,,0.28427,-5.2954e-05,,
0.37046,-4.7716e-05,,,0.33275,-5.0364e-05,,,0.31003,-5.1514e-05,,,0.28094,-5.2908e-05,,
0.36711,-4.7743e-05,,,0.32942,-5.0385e-05,,,0.30671,-5.155e-05,,,0.27763,-5.2753e-05,,
0.36381,-4.7783e-05,,,0.32602,-5.054e-05,,,0.3034,-5.1538e-05,,,0.27398,-5.3253e-05,,
0.36015,-4.8272e-05,,,0.32273,-5.0661e-05,,,0.29974,-5.1965e-05,,,0.27066,-5.31e-05,,
0.3568,-4.8533e-05,,,0.31905,-5.1276e-05,,,0.29641,-5.1971e-05,,,0.26699,-5.3555e-05,,
0.35348,-4.8714e-05,,,0.31568,-5.1309e-05,,,0.29269,-5.2613e-05,,,0.26366,-5.3297e-05,,
0.35018,-4.8894e-05,,,0.31237,-5.1435e-05,,,0.28933,-5.2568e-05,,,0.26005,-5.3566e-05,,
0.34683,-4.9519e-05,,,0.30903,-5.1529e-05,,,0.28564,-5.3024e-05,,,0.25672,-5.3474e-05,,
0.34386,-4.9018e-05,,,0.30572,-5.1599e-05,,,0.28229,-5.3004e-05,,,0.25339,-5.3481e-05,,
0.34052,-4.9171e-05,,,0.30207,-5.2141e-05,,,0.27899,-5.2934e-05,,,0.24969,-5.3879e-05,,
0.33709,-4.9406e-05,,,0.29873,-5.2176e-05,,,0.27532,-5.3342e-05,,,0.2463,-5.3706e-05,,
0.33377,-4.9597e-05,,,0.29539,-5.235e-05,,,0.27201,-5.3224e-05,,,0.24264,-5.3983e-05,,
0.33036,-5.0367e-05,,,0.29204,-5.249e-05,,,0.26833,-5.3723e-05,,,0.23926,-5.3798e-05,,
0.32738,-4.9831e-05,,,0.28868,-5.268e-05,,,0.26499,-5.365e-05,,,0.23561,-5.4203e-05,,
0.32404,-5.0063e-05,,,0.28535,-5.2732e-05,,,0.2617,-5.3511e-05,,,0.23231,-5.3785e-05,,
0.32038,-5.0603e-05,,,0.28164,-5.3417e-05,,,0.25839,-5.3514e-05,,,0.22864,-5.408e-05,,
0.317,-5.1175e-05,,,0.27832,-5.3433e-05,,,0.25473,-5.4054e-05,,,0.2253,-5.3995e-05,,
0.31402,-5.064e-05,,,0.275,-5.3374e-05,,,0.25135,-5.3808e-05,,,0.22165,-5.4445e-05,,
0.31067,-5.0792e-05,,,0.27168,-5.3395e-05,,,0.24762,-5.4342e-05,,,0.21835,-5.426e-05,,
0.30704,-5.1407e-05,,,0.26832,-5.335e-05,,,0.2443,-5.4205e-05,,,0.21471,-5.4546e-05,,
0.30371,-5.1482e-05,,,0.26467,-5.3807e-05,,,0.24092,-5.4154e-05,,,0.21134,-5.4439e-05,,
0.30042,-5.2141e-05,,,0.26136,-5.3792e-05,,,0.23761,-5.3935e-05,,,0.20767,-5.4808e-05,,
0.2974,-5.2195e-05,,,0.25802,-5.3539e-05,,,0.23397,-5.4394e-05,,,0.20433,-5.4651e-05,,
0.29436,-5.1818e-05,,,0.25434,-5.4071e-05,,,0.23061,-5.4278e-05,,,0.20064,-5.5018e-05,,
0.29102,-5.2008e-05,,,0.251,-5.4125e-05,,,0.22729,-5.418e-05,,,0.19693,-5.5465e-05,,
0.28764,-5.219e-05,,,0.24763,-5.4005e-05,,,0.22364,-5.4689e-05,,,0.19363,-5.529e-05,,
0.28428,-5.218e-05,,,0.24429,-5.4005e-05,,,0.22035,-5.4551e-05,,,0.19027,-5.5316e-05,,
0.28062,-5.2721e-05,,,0.2406,-5.4498e-05,,,0.21666,-5.4962e-05,,,0.18663,-5.5801e-05,,
0.27732,-5.2782e-05,,,0.23727,-5.4417e-05,,,0.21338,-5.4743e-05,,,0.18327,-5.5795e-05,,
0.27395,-5.3403e-05,,,0.23397,-5.4263e-05,,,0.21002,-5.4793e-05,,,0.17962,-5.6231e-05,,
0.27098,-5.2942e-05,,,0.23025,-5.4815e-05,,,0.20632,-5.5309e-05,,,0.17633,-5.6047e-05,,
0.26766,-5.3133e-05,,,0.227,-5.4706e-05,,,0.20299,-5.5157e-05,,,0.1727,-5.6459e-05,,
0.26436,-5.3099e-05,,,0.22365,-5.4639e-05,,,0.19927,-5.5698e-05,,,0.16935,-5.6493e-05,,
0.26103,-5.3156e-05,,,0.22034,-5.4647e-05,,,0.19595,-5.5718e-05,,,0.16594,-5.6581e-05,,
0.25741,-5.3739e-05,,,0.21704,-5.4547e-05,,,0.19263,-5.568e-05,,,0.16226,-5.7138e-05,,
0.254,-5.3825e-05,,,0.21338,-5.4924e-05,,,0.18895,-5.6249e-05,,,0.15859,-5.746e-05,,
0.25064,-5.3883e-05,,,0.21004,-5.4911e-05,,,0.18564,-5.6101e-05,,,0.15524,-5.7321e-05,,
0.24728,-5.4507e-05,,,0.20635,-5.5422e-05,,,0.18228,-5.6059e-05,,,0.15157,-5.7751e-05,,
0.24432,-5.384e-05,,,0.20299,-5.5362e-05,,,0.179,-5.6091e-05,,,0.14826,-5.7596e-05,,
0.24092,-5.3785e-05,,,0.1996,-5.5468e-05,,,0.17533,-5.6593e-05,,,0.14454,-5.8013e-05,,
0.2376,-5.3891e-05,,,0.19595,-5.5911e-05,,,0.17204,-5.6536e-05,,,0.14123,-5.7915e-05,,
0.23425,-5.3975e-05,,,0.19262,-5.5878e-05,,,0.16832,-5.715e-05,,,0.13756,-5.8374e-05,,
0.23062,-5.4442e-05,,,0.18932,-5.584e-05,,,0.16495,-5.7148e-05,,,0.13428,-5.8329e-05,,
0.22731,-5.4461e-05,,,0.18563,-5.6331e-05,,,0.16162,-5.7133e-05,,,0.13096,-5.816e-05,,
0.22398,-5.436e-05,,,0.1823,-5.6345e-05,,,0.15792,-5.7676e-05,,,0.12729,-5.8537e-05,,
0.22067,-5.4134e-05,,,0.179,-5.6392e-05,,,0.15456,-5.7655e-05,,,0.12395,-5.8426e-05,,
0.21703,-5.4641e-05,,,0.17565,-5.6377e-05,,,0.15089,-5.8066e-05,,,0.12025,-5.8764e-05,,
0.21372,-5.4656e-05,,,0.17201,-5.6884e-05,,,0.14756,-5.8015e-05,,,0.1169,-5.861e-05,,
0.21032,-5.5288e-05,,,0.16866,-5.7045e-05,,,0.14388,-5.8456e-05,,,0.11319,-5.871e-05,,
0.20731,-5.4833e-05,,,0.1653,-5.718e-05,,,0.14056,-5.8256e-05,,,0.10953,-5.9052e-05,,
0.20395,-5.4896e-05,,,0.16158,-5.7734e-05,,,0.13727,-5.8204e-05,,,0.10621,-5.8819e-05,,
0.20062,-5.4937e-05,,,0.15823,-5.7767e-05,,,0.13389,-5.8144e-05,,,0.10254,-5.9148e-05,,
0.19696,-5.5523e-05,,,0.15488,-5.789e-05,,,0.13031,-5.8604e-05,,,0.099231,-5.8929e-05,,
0.19397,-5.5144e-05,,,0.15158,-5.7831e-05,,,0.12696,-5.8489e-05,,,0.095556,-5.9311e-05,,
0.19029,-5.5816e-05,,,0.14791,-5.8264e-05,,,0.12328,-5.8888e-05,,,0.092243,-5.9095e-05,,
0.18694,-5.5922e-05,,,0.14457,-5.8334e-05,,,0.11994,-5.878e-05,,,0.088579,-5.9231e-05,,
0.1836,-5.6568e-05,,,0.14125,-5.8294e-05,,,0.11625,-5.9221e-05,,,0.084901,-5.9502e-05,,
0.18064,-5.6646e-05,,,0.13758,-5.8751e-05,,,0.11283,-5.9192e-05,,,0.081561,-5.932e-05,,
0.178,-5.5802e-05,,,0.13425,-5.8631e-05,,,0.10956,-5.9075e-05,,,0.077884,-5.9583e-05,,
0.17433,-5.6533e-05,,,0.13094,-5.853e-05,,,0.1059,-5.927e-05,,,0.074504,-5.9488e-05,,
0.171,-5.665e-05,,,0.12728,-5.9051e-05,,,0.10253,-5.9163e-05,,,0.070801,-5.987e-05,,
0.16761,-5.7392e-05,,,0.12393,-5.9021e-05,,,0.098887,-5.9412e-05,,,0.067469,-5.9616e-05,,
0.1646,-5.7011e-05,,,0.12058,-5.9014e-05,,,0.095544,-5.9226e-05,,,0.063861,-5.9828e-05,,
0.16125,-5.7176e-05,,,0.11725,-5.9031e-05,,,0.091889,-5.9486e-05,,,0.060455,-5.9724e-05,,
0.1579,-5.7336e-05,,,0.11352,-5.9567e-05,,,0.088585,-5.9428e-05,,,0.056833,-6.0022e-05,,
0.15455,-5.7495e-05,,,0.11019,-5.9445e-05,,,0.085263,-5.93e-05,,,0.053516,-5.9819e-05,,
0.15123,-5.7729e-05,,,0.10688,-5.9328e-05,,,0.081555,-5.9807e-05,,,0.049855,-6.0175e-05,,
0.1479,-5.8194e-05,,,0.10351,-5.9376e-05,,,0.078194,-5.9748e-05,,,0.046563,-6.0008e-05,,
0.14488,-5.8387e-05,,,0.10024,-5.9322e-05,,,0.074835,-5.9653e-05,,,0.042887,-6.0197e-05,,
0.14189,-5.7948e-05,,,0.096545,-5.9736e-05,,,0.071116,-6.0014e-05,,,0.039218,-6.0546e-05,,
0.13859,-5.8029e-05,,,0.093233,-5.9583e-05,,,0.067824,-5.9825e-05,,,0.035846,-6.0349e-05,,
0.13495,-5.8582e-05,,,0.089912,-5.9491e-05,,,0.064497,-5.9745e-05,,,0.032104,-6.0862e-05,,
0.13162,-5.9163e-05,,,0.086284,-5.9861e-05,,,0.060792,-6.0163e-05,,,0.028715,-6.0718e-05,,
0.12895,-5.8195e-05,,,0.082907,-5.9761e-05,,,0.057497,-6.0034e-05,,,0.02537,-6.064e-05,,
0.12527,-5.8859e-05,,,0.079522,-5.9766e-05,,,0.054145,-5.99e-05,,,0.02173,-6.1088e-05,,
0.12194,-5.8942e-05,,,0.075837,-6.0223e-05,,,0.050524,-6.0217e-05,,,0.018393,-6.0941e-05,,
0.11857,-5.8978e-05,,,0.072487,-6.0137e-05,,,0.047205,-6.0101e-05,,,0.015071,-6.0804e-05,,
0.1152,-5.9007e-05,,,0.069149,-6.0124e-05,,,0.043531,-6.0527e-05,,,0.011334,-6.1297e-05,,
0.11182,-5.9035e-05,,,0.065814,-5.9639e-05,,,0.040209,-6.04e-05,,,0.0080296,-6.099e-05,,
0.10849,-5.901e-05,,,0.061837,-6.0547e-05,,,0.036818,-6.0411e-05,,,0.0043751,-6.1222e-05,,
0.1052,-5.8973e-05,,,0.058504,-6.0461e-05,,,0.033134,-6.0892e-05,,,0.0010369,-6.0948e-05,,
0.10156,-5.9457e-05,,,0.055138,-6.0457e-05,,,0.029753,-6.071e-05,,,-0.0026905,-6.1485e-05,,
0.098193,-5.9319e-05,,,0.051494,-6.089e-05,,,0.026365,-6.0728e-05,,,-0.0063417,-6.1941e-05,,
0.094894,-5.9191e-05,,,0.048196,-6.0819e-05,,,0.022712,-6.118e-05,,,-0.0097038,-6.1835e-05,,
0.091605,-5.9177e-05,,,0.044906,-6.0693e-05,,,0.019389,-6.1134e-05,,,-0.013084,-6.1737e-05,,
0.08795,-5.9563e-05,,,0.041547,-6.0667e-05,,,0.016038,-6.0984e-05,,,-0.01679,-6.1916e-05,,
0.084602,-5.9555e-05,,,0.037837,-6.1186e-05,,,0.012342,-6.1351e-05,,,-0.020408,-6.2218e-05,,
0.081219,-5.9612e-05,,,0.034495,-6.1072e-05,,,0.0090364,-6.1158e-05,,,-0.023756,-6.2223e-05,,
0.077867,-5.9647e-05,,,0.031101,-6.106e-05,,,0.0053666,-6.1661e-05,,,-0.027087,-6.2184e-05,,
0.074191,-6.0757e-05,,,0.027362,-6.1504e-05,,,0.0021383,-6.1297e-05,,,-0.030769,-6.2514e-05,,
0.071493,-6.0208e-05,,,0.024049,-6.1486e-05,,,-0.0015812,-6.1721e-05,,,-0.034451,-6.2855e-05,,
0.068488,-5.9792e-05,,,0.020734,-6.1481e-05,,,-0.0050077,-6.1715e-05,,,-0.037756,-6.2687e-05,,
0.064848,-6.0178e-05,,,0.017378,-6.1459e-05,,,-0.0083666,-6.1774e-05,,,-0.041397,-6.2859e-05,,
0.061535,-6.0251e-05,,,0.01403,-6.1349e-05,,,-0.012081,-6.2244e-05,,,-0.045125,-6.3181e-05,,
0.058172,-6.0308e-05,,,0.01036,-6.1797e-05,,,-0.015462,-6.2084e-05,,,-0.048488,-6.3031e-05,,
0.054844,-6.0282e-05,,,0.0069969,-6.1827e-05,,,-0.019124,-6.2513e-05,,,-0.052173,-6.3385e-05,,
0.051539,-6.0363e-05,,,0.0036549,-6.1706e-05,,,-0.022428,-6.2475e-05,,,-0.05551,-6.3284e-05,,
0.048216,-6.0334e-05,,,0.00035767,-6.1731e-05,,,-0.025778,-6.2378e-05,,,-0.059217,-6.3792e-05,,
0.044906,-6.0319e-05,,,-0.0033539,-6.2291e-05,,,-0.029426,-6.283e-05,,,-0.062538,-6.3598e-05,,
0.041572,-6.0401e-05,,,-0.0066701,-6.2118e-05,,,-0.032783,-6.3033e-05,,,-0.066214,-6.3874e-05,,
0.038166,-6.0565e-05,,,-0.010079,-6.219e-05,,,-0.03609,-6.2926e-05,,,-0.069551,-6.3698e-05,,
0.034501,-6.1171e-05,,,-0.01338,-6.2165e-05,,,-0.039422,-6.2789e-05,,,-0.073207,-6.4055e-05,,
0.031112,-6.1182e-05,,,-0.017121,-6.2691e-05,,,-0.043072,-6.3168e-05,,,-0.076524,-6.3886e-05,,
0.027749,-6.1334e-05,,,-0.020403,-6.2502e-05,,,-0.046456,-6.3215e-05,,,-0.080156,-6.4202e-05,,
0.024397,-6.1334e-05,,,-0.02373,-6.2553e-05,,,-0.049783,-6.325e-05,,,-0.08348,-6.4074e-05,,
0.02107,-6.1113e-05,,,-0.027436,-6.3226e-05,,,-0.053494,-6.3788e-05,,,-0.087141,-6.4418e-05,,
0.017365,-6.1687e-05,,,-0.030765,-6.3122e-05,,,-0.056897,-6.3783e-05,,,-0.090546,-6.4215e-05,,
0.014025,-6.1569e-05,,,-0.034088,-6.3123e-05,,,-0.060192,-6.3749e-05,,,-0.094258,-6.4891e-05,,
0.010671,-6.1583e-05,,,-0.037391,-6.3208e-05,,,-0.063877,-6.4155e-05,,,-0.097268,-6.4216e-05,,
0.0073195,-6.1597e-05,,,-0.040713,-6.326e-05,,,-0.0672,-6.3937e-05,,,-0.10096,-6.4641e-05,,
0.0040185,-6.1589e-05,,,-0.044395,-6.366e-05,,,-0.070868,-6.4375e-05,,,-0.1043,-6.4489e-05,,
0.00066548,-6.1614e-05,,,-0.047747,-6.3843e-05,,,-0.074206,-6.4269e-05,,,-0.10796,-6.4708e-05,,
-0.0027031,-6.1637e-05,,,-0.051085,-6.3821e-05,,,-0.077504,-6.4182e-05,,,-0.11127,-6.4501e-05,,
-0.0063414,-6.2226e-05,,,-0.054441,-6.3888e-05,,,-0.08119,-6.4546e-05,,,-0.1149,-6.4753e-05,,
-0.0097076,-6.0813e-05,,,-0.057816,-6.393e-05,,,-0.084479,-6.43e-05,,,-0.11827,-6.4689e-05,,
-0.014072,-6.2506e-05,,,-0.061475,-6.4378e-05,,,-0.087842,-6.4307e-05,,,-0.12189,-6.5011e-05,,
-0.017397,-6.2835e-05,,,-0.064801,-6.4381e-05,,,-0.091546,-6.4782e-05,,,-0.12519,-6.4631e-05,,
-0.020376,-6.2338e-05,,,-0.068154,-6.4418e-05,,,-0.094916,-6.4677e-05,,,-0.12886,-6.4953e-05,,
-0.023732,-6.2371e-05,,,-0.071476,-6.4364e-05,,,-0.098588,-6.5172e-05,,,-0.13254,-6.5129e-05,,
-0.027435,-6.2993e-05,,,-0.074818,-6.4187e-05,,,-0.10194,-6.5085e-05,,,-0.13589,-6.4977e-05,,
-0.030726,-6.2994e-05,,,-0.078472,-6.4644e-05,,,-0.10526,-6.4988e-05,,,-0.13958,-6.5275e-05,,
-0.034068,-6.3612e-05,,,-0.081797,-6.4588e-05,,,-0.10859,-6.4877e-05,,,-0.14293,-6.4946e-05,,
-0.037039,-6.37e-05,,,-0.085431,-6.5087e-05,,,-0.11225,-6.5436e-05,,,-0.14666,-6.5135e-05,,
-0.040021,-6.3761e-05,,,-0.088827,-6.499e-05,,,-0.1156,-6.5275e-05,,,-0.15025,-6.535e-05,,
-0.042683,-6.3449e-05,,,-0.092173,-6.49e-05,,,-0.11891,-6.5093e-05,,,-0.15395,-6.5367e-05,,
-0.045707,-6.3109e-05,,,-0.095559,-6.5034e-05,,,-0.12255,-6.5461e-05,,,-0.15726,-6.4993e-05,,
-0.049083,-6.335e-05,,,-0.099208,-6.5469e-05,,,-0.12585,-6.5328e-05,,,-0.16093,-6.5369e-05,,
-0.052436,-6.3491e-05,,,-0.10257,-6.5379e-05,,,-0.12921,-6.5141e-05,,,-0.16425,-6.5052e-05,,
-0.056106,-6.4136e-05,,,-0.1059,-6.5248e-05,,,-0.13289,-6.569e-05,,,-0.16791,-6.5188e-05,,
-0.059528,-6.4087e-05,,,-0.10955,-6.5713e-05,,,-0.13628,-6.5607e-05,,,-0.17159,-6.5352e-05,,
-0.062806,-6.4131e-05,,,-0.11293,-6.5673e-05,,,-0.1396,-6.5569e-05,,,-0.17493,-6.5019e-05,,
-0.066148,-6.4258e-05,,,-0.11625,-6.557e-05,,,-0.14329,-6.5873e-05,,,-0.17864,-6.5266e-05,,
-0.069467,-6.4268e-05,,,-0.11957,-6.5424e-05,,,-0.14665,-6.5716e-05,,,-0.182,-6.5049e-05,,
-0.072832,-6.4869e-05,,,-0.12317,-6.5833e-05,,,-0.14994,-6.5576e-05,,,-0.18569,-6.5358e-05,,
-0.07583,-6.4841e-05,,,-0.12651,-6.5745e-05,,,-0.15361,-6.592e-05,,,-0.18902,-6.4983e-05,,
-0.078786,-6.4442e-05,,,-0.12985,-6.5638e-05,,,-0.15693,-6.5748e-05,,,-0.19262,-6.5081e-05,,
-0.082111,-6.4471e-05,,,-0.1332,-6.5722e-05,,,-0.16027,-6.5522e-05,,,-0.19631,-6.5433e-05,,
-0.085433,-6.4511e-05,,,-0.13692,-6.6195e-05,,,-0.16392,-6.5905e-05,,,-0.19964,-6.5197e-05,,
-0.089134,-6.5124e-05,,,-0.14025,-6.5998e-05,,,-0.16723,-6.5698e-05,,,-0.20296,-6.4856e-05,,
-0.092493,-6.5026e-05,,,-0.14367,-6.5983e-05,,,-0.17054,-6.552e-05,,,-0.20661,-6.5172e-05,,
-0.095862,-6.5096e-05,,,-0.14728,-6.6456e-05,,,-0.17426,-6.5817e-05,,,-0.20989,-6.4933e-05,,
-0.099237,-6.5094e-05,,,-0.15026,-6.5863e-05,,,-0.17762,-6.5738e-05,,,-0.21356,-6.5229e-05,,
-0.10258,-6.5131e-05,,,-0.15393,-6.6277e-05,,,-0.18099,-6.5602e-05,,,-0.21693,-6.5034e-05,,
-0.10621,-6.5665e-05,,,-0.15725,-6.6131e-05,,,-0.18466,-6.5849e-05,,,-0.22064,-6.5468e-05,,
-0.10954,-6.5709e-05,,,-0.16057,-6.5914e-05,,,-0.18802,-6.5348e-05,,,-0.22398,-6.5321e-05,,
-0.1129,-6.5632e-05,,,-0.16425,-6.6292e-05,,,-0.19164,-6.5671e-05,,,-0.22772,-6.5649e-05,,
-0.11624,-6.5616e-05,,,-0.16755,-6.6019e-05,,,-0.19496,-6.5473e-05,,,-0.23102,-6.5405e-05,,
-0.11953,-6.5679e-05,,,-0.17091,-6.5893e-05,,,-0.19865,-6.5696e-05,,,-0.23467,-6.562e-05,,
-0.12285,-6.5574e-05,,,-0.17429,-6.5851e-05,,,-0.20197,-6.5337e-05,,,-0.23797,-6.5382e-05,,
-0.12613,-6.548e-05,,,-0.17792,-6.6214e-05,,,-0.20561,-6.5693e-05,,,-0.24165,-6.5724e-05,,
-0.12983,-6.594e-05,,,-0.18133,-6.616e-05,,,-0.20893,-6.5465e-05,,,-0.24497,-6.547e-05,,
-0.13317,-6.5955e-05,,,-0.18464,-6.5976e-05,,,-0.21257,-6.5707e-05,,,-0.24861,-6.5728e-05,,
-0.13654,-6.6533e-05,,,-0.18835,-6.6351e-05,,,-0.21591,-6.5601e-05,,,-0.25194,-6.5571e-05,,
-0.1396,-6.6029e-05,,,-0.19166,-6.62e-05,,,-0.21927,-6.5527e-05,,,-0.25559,-6.5881e-05,,
-0.14295,-6.6066e-05,,,-0.19494,-6.6068e-05,,,-0.22297,-6.5891e-05,,,-0.25892,-6.5812e-05,,
-0.14627,-6.6041e-05,,,-0.19832,-6.5936e-05,,,-0.22632,-6.5769e-05,,,-0.26266,-6.6201e-05,,
-0.14957,-6.5943e-05,,,-0.20166,-6.583e-05,,,-0.22998,-6.6004e-05,,,-0.26603,-6.5992e-05,,
-0.15326,-6.6362e-05,,,-0.20527,-6.6194e-05,,,-0.23332,-6.5555e-05,,,-0.26969,-6.629e-05,,
-0.15661,-6.6272e-05,,,-0.20858,-6.5944e-05,,,-0.23698,-6.6013e-05,,,-0.27305,-6.6138e-05,,
-0.15994,-6.6194e-05,,,-0.21188,-6.5788e-05,,,-0.24035,-6.5866e-05,,,-0.27667,-6.6299e-05,,
-0.1632,-6.6083e-05,,,-0.2156,-6.631e-05,,,-0.24401,-6.599e-05,,,-0.28034,-6.6739e-05,,
-0.16657,-6.6066e-05,,,-0.21894,-6.6268e-05,,,-0.24764,-6.6254e-05,,,-0.2837,-6.6501e-05,,
-0.16987,-6.6012e-05,,,-0.22231,-6.6293e-05,,,-0.25097,-6.6059e-05,,,-0.28736,-6.6858e-05,,
-0.17357,-6.6411e-05,,,-0.22563,-6.6209e-05,,,-0.25425,-6.598e-05,,,-0.29068,-6.6734e-05,,
-0.17694,-6.6317e-05,,,-0.22901,-6.6184e-05,,,-0.25792,-6.6413e-05,,,-0.29398,-6.6636e-05,,
-0.18028,-6.6256e-05,,,-0.23235,-6.6128e-05,,,-0.26132,-6.6394e-05,,,-0.29762,-6.6874e-05,,
-0.18365,-6.6199e-05,,,-0.236,-6.6661e-05,,,-0.2647,-6.6249e-05,,,-0.30099,-6.6824e-05,,
-0.18697,-6.6038e-05,,,-0.23934,-6.6491e-05,,,-0.26839,-6.6633e-05,,,-0.30466,-6.7158e-05,,
-0.19065,-6.6325e-05,,,-0.24268,-6.6193e-05,,,-0.27174,-6.6565e-05,,,-0.30804,-6.7016e-05,,
-0.19393,-6.6189e-05,,,-0.24632,-6.6585e-05,,,-0.27538,-6.6915e-05,,,-0.3117,-6.7401e-05,,
-0.19732,-6.6112e-05,,,-0.24963,-6.6611e-05,,,-0.27869,-6.6782e-05,,,-0.31506,-6.7309e-05,,
-0.20061,-6.6048e-05,,,-0.25295,-6.6457e-05,,,-0.28207,-6.6726e-05,,,-0.31874,-6.7619e-05,,
-0.20428,-6.643e-05,,,-0.25625,-6.6433e-05,,,-0.28572,-6.7089e-05,,,-0.32206,-6.7393e-05,,
-0.20761,-6.6247e-05,,,-0.25999,-6.6798e-05,,,-0.28904,-6.6967e-05,,,-0.32572,-6.777e-05,,
-0.21091,-6.608e-05,,,-0.26333,-6.6917e-05,,,-0.29232,-6.6807e-05,,,-0.32939,-6.812e-05,,
-0.21458,-6.6326e-05,,,-0.2667,-6.6879e-05,,,-0.29599,-6.72e-05,,,-0.33269,-6.7958e-05,,
-0.21794,-6.5933e-05,,,-0.27004,-6.6818e-05,,,-0.29932,-6.7005e-05,,,-0.33603,-6.7808e-05,,
-0.2216,-6.634e-05,,,-0.27373,-6.7344e-05,,,-0.30301,-6.7535e-05,,,-0.33965,-6.7957e-05,,
-0.22497,-6.6329e-05,,,-0.27705,-6.7267e-05,,,-0.30638,-6.7368e-05,,,-0.34334,-6.8287e-05,,
-0.22867,-6.6839e-05,,,-0.28035,-6.7282e-05,,,-0.31007,-6.7766e-05,,,-0.34674,-6.824e-05,,
-0.23199,-6.7307e-05,,,-0.28371,-6.7236e-05,,,-0.31344,-6.7694e-05,,,-0.35045,-6.8734e-05,,
-0.235,-6.6685e-05,,,-0.28704,-6.7263e-05,,,-0.31711,-6.8017e-05,,,-0.3538,-6.8604e-05,,
-0.2383,-6.6659e-05,,,-0.29036,-6.7297e-05,,,-0.32042,-6.7822e-05,,,-0.35749,-6.8932e-05,,
-0.24163,-6.6669e-05,,,-0.29401,-6.7663e-05,,,-0.32408,-6.8297e-05,,,-0.36082,-6.8758e-05,,
-0.24499,-6.6493e-05,,,-0.2973,-6.7578e-05,,,-0.3274,-6.8082e-05,,,-0.36447,-6.9101e-05,,
-0.24827,-6.6416e-05,,,-0.30065,-6.757e-05,,,-0.33109,-6.8517e-05,,,-0.36783,-6.9049e-05,,
-0.25195,-6.6896e-05,,,-0.30399,-6.766e-05,,,-0.33443,-6.8276e-05,,,-0.37112,-6.8919e-05,,
-0.25522,-6.682e-05,,,-0.30735,-6.7715e-05,,,-0.33805,-6.8637e-05,,,-0.37478,-6.937e-05,,
-0.25859,-6.6767e-05,,,-0.31105,-6.8261e-05,,,-0.34135,-6.8517e-05,,,-0.37811,-6.9221e-05,,
-0.26197,-6.6962e-05,,,-0.31441,-6.8243e-05,,,-0.34505,-6.9069e-05,,,-0.38172,-6.9598e-05,,
-0.26534,-6.6973e-05,,,-0.31773,-6.8249e-05,,,-0.34841,-6.8933e-05,,,-0.38507,-6.9477e-05,,
-0.26903,-6.7453e-05,,,-0.32105,-6.8196e-05,,,-0.3518,-6.8762e-05,,,-0.38842,-6.9303e-05,,
-0.27237,-6.79e-05,,,-0.32439,-6.8239e-05,,,-0.35544,-6.9072e-05,,,-0.39212,-6.9642e-05,,
-0.27538,-6.7329e-05,,,-0.32805,-6.8719e-05,,,-0.35913,-6.9464e-05,,,-0.39582,-7.0057e-05,,
-0.27867,-6.7356e-05,,,-0.33137,-6.8684e-05,,,-0.36246,-6.9176e-05,,,-0.39918,-7.006e-05,,
-0.28203,-6.7433e-05,,,-0.33472,-6.8677e-05,,,-0.3661,-6.959e-05,,,-0.4025,-6.9966e-05,,
-0.28536,-6.7389e-05,,,-0.33835,-6.9087e-05,,,-0.36949,-6.9532e-05,,,-0.40613,-7.0326e-05,,
-0.28872,-6.7271e-05,,,-0.34166,-6.9078e-05,,,-0.37281,-6.9407e-05,,,-0.40949,-7.0243e-05,,
-0.29233,-6.7804e-05,,,-0.34505,-6.9205e-05,,,-0.37646,-6.9717e-05,,,-0.41314,-7.0513e-05,,
-0.29563,-6.7792e-05,,,-0.34841,-6.9183e-05,,,-0.3801,-7.0025e-05,,,-0.41646,-7.0329e-05,,
-0.29895,-6.7863e-05,,,-0.35211,-6.9663e-05,,,-0.3834,-6.9869e-05,,,-0.42014,-7.0595e-05,,
-0.30232,-6.7786e-05,,,-0.35546,-6.9553e-05,,,-0.38674,-6.9765e-05,,,-0.42342,-7.04e-05,,
-0.30599,-6.8409e-05,,,-0.3588,-6.9454e-05,,,-0.39044,-7.016e-05,,,-0.42708,-7.0727e-05,,
-0.30937,-6.8904e-05,,,-0.36245,-6.9815e-05,,,-0.3941,-7.0642e-05,,,-0.43077,-7.105e-05,,
-0.31237,-6.8393e-05,,,-0.36578,-6.9716e-05,,,-0.39746,-7.0449e-05,,,-0.43412,-7.0805e-05,,
-0.31573,-6.8389e-05,,,-0.36914,-6.9755e-05,,,-0.40083,-7.0243e-05,,,-0.4378,-7.1071e-05,,
-0.31904,-6.8387e-05,,,-0.3728,-7.0028e-05,,,-0.40446,-7.0519e-05,,,-0.44151,-7.1504e-05,,
-0.32237,-6.8461e-05,,,-0.37613,-6.9952e-05,,,-0.40813,-7.0775e-05,,,-0.44481,-7.1329e-05,,
-0.32568,-6.8497e-05,,,-0.37977,-7.0473e-05,,,-0.41147,-7.0696e-05,,,-0.44849,-7.1592e-05,,
-0.32938,-6.911e-05,,,-0.38308,-7.0409e-05,,,-0.41517,-7.1091e-05,,,-0.45184,-7.1426e-05,,
-0.3327,-6.903e-05,,,-0.38642,-7.0419e-05,,,-0.41844,-7.0998e-05,,,-0.45551,-7.1693e-05,,
-0.33603,-6.9055e-05,,,-0.38978,-7.0406e-05,,,-0.42177,-7.0713e-05,,,-0.45881,-7.1574e-05,,
-0.33934,-6.904e-05,,,-0.39315,-7.0503e-05,,,-0.42542,-7.1099e-05,,,-0.46246,-7.1973e-05,,
-0.34267,-6.9161e-05,,,-0.3968,-7.0933e-05,,,-0.42913,-7.1524e-05,,,-0.46576,-7.1762e-05,,
-0.34603,-6.9303e-05,,,-0.40018,-7.0969e-05,,,-0.43246,-7.1444e-05,,,-0.4694,-7.2127e-05,,
-0.34939,-6.9401e-05,,,-0.40351,-7.091e-05,,,-0.43587,-7.1416e-05,,,-0.47274,-7.1911e-05,,
-0.3528,-6.982e-05,,,-0.40711,-7.1056e-05,,,-0.43952,-7.1612e-05,,,-0.47645,-7.2284e-05,,
-0.35584,-7.0012e-05,,,-0.41049,-7.1002e-05,,,-0.44288,-7.1626e-05,,,-0.47979,-7.2218e-05,,
-0.3588,-6.9411e-05,,,-0.41412,-7.1333e-05,,,-0.44653,-7.1896e-05,,,-0.48345,-7.2472e-05,,
-0.36246,-6.9741e-05,,,-0.41746,-7.134e-05,,,-0.44983,-7.1773e-05,,,-0.48718,-7.2824e-05,,
-0.36578,-6.9744e-05,,,-0.42077,-7.1268e-05,,,-0.45351,-7.2109e-05,,,-0.49052,-7.2656e-05,,
-0.36916,-6.9858e-05,,,-0.42443,-7.1757e-05,,,-0.45684,-7.2044e-05,,,-0.49413,-7.3143e-05,,
-0.3728,-7.035e-05,,,-0.42776,-7.1774e-05,,,-0.4605,-7.244e-05,,,-0.49749,-7.2953e-05,,
-0.37611,-7.0331e-05,,,-0.43112,-7.1874e-05,,,-0.46382,-7.2374e-05,,,-0.50115,-7.3259e-05,,
-0.37943,-7.0145e-05,,,-0.43448,-7.1771e-05,,,-0.4671,-7.2235e-05,,,-0.50447,-7.3101e-05,,
-0.38305,-7.0548e-05,,,-0.43817,-7.2297e-05,,,-0.47076,-7.2694e-05,,,-0.50813,-7.3593e-05,,
-0.38643,-7.1014e-05,,,-0.44155,-7.2229e-05,,,-0.47413,-7.2646e-05,,,-0.5114,-7.3431e-05,,
-0.38945,-7.1172e-05,,,-0.44485,-7.2104e-05,,,-0.47781,-7.308e-05,,,-0.5151,-7.3927e-05,,
-0.39244,-7.0723e-05,,,-0.44815,-7.216e-05,,,-0.48115,-7.3073e-05,,,-0.51849,-7.3833e-05,,
-0.39581,-7.0789e-05,,,-0.45145,-7.2173e-05,,,-0.48452,-7.3018e-05,,,-0.52219,-7.4255e-05,,
-0.39916,-7.0674e-05,,,-0.45514,-7.2662e-05,,,-0.48819,-7.3431e-05,,,-0.52552,-7.4211e-05,,
-0.40284,-7.1157e-05,,,-0.45851,-7.2514e-05,,,-0.49148,-7.3277e-05,,,-0.52921,-7.4629e-05,,
-0.40613,-7.1119e-05,,,-0.46211,-7.2878e-05,,,-0.49514,-7.363e-05,,,-0.5325,-7.4483e-05,,
-0.40949,-7.1103e-05,,,-0.46542,-7.2787e-05,,,-0.49849,-7.3467e-05,,,-0.53617,-7.4871e-05,,
-0.41279,-7.1102e-05,,,-0.46874,-7.2855e-05,,,-0.50214,-7.3912e-05,,,-0.53953,-7.4798e-05,,
-0.41646,-7.1661e-05,,,-0.47212,-7.296e-05,,,-0.50547,-7.3866e-05,,,-0.5432,-7.5227e-05,,
-0.41981,-7.1578e-05,,,-0.47544,-7.2957e-05,,,-0.5088,-7.3445e-05,,,-0.5465,-7.5021e-05,,
-0.42309,-7.1541e-05,,,-0.47914,-7.3499e-05,,,-0.51247,-7.3922e-05,,,-0.55014,-7.5432e-05,,
-0.42674,-7.1999e-05,,,-0.48249,-7.3483e-05,,,-0.5161,-7.4338e-05,,,-0.55345,-7.5355e-05,,
-0.4301,-7.2011e-05,,,-0.48586,-7.3558e-05,,,-0.51946,-7.4286e-05,,,-0.55714,-7.5864e-05,,
-0.43349,-7.265e-05,,,-0.48916,-7.3688e-05,,,-0.52321,-7.4849e-05,,,-0.56051,-7.5874e-05,,
-0.43652,-7.2096e-05,,,-0.49249,-7.3682e-05,,,-0.52657,-7.4848e-05,,,-0.56392,-7.5899e-05,,
-0.43986,-7.2132e-05,,,-0.49584,-7.371e-05,,,-0.52991,-7.4692e-05,,,-0.56758,-7.634e-05,,
-0.4432,-7.2176e-05,,,-0.49947,-7.4226e-05,,,-0.53354,-7.4922e-05,,,-0.57093,-7.6222e-05,,
-0.44685,-7.2679e-05,,,-0.50282,-7.429e-05,,,-0.53722,-7.5379e-05,,,-0.57459,-7.661e-05,,
-0.45017,-7.3237e-05,,,-0.50612,-7.4229e-05,,,-0.54053,-7.5357e-05,,,-0.57788,-7.6549e-05,,
-0.45285,-7.2287e-05,,,-0.50941,-7.4147e-05,,,-0.54389,-7.5354e-05,,,-0.58121,-7.6475e-05,,
-0.45649,-7.2749e-05,,,-0.51311,-7.4704e-05,,,-0.54749,-7.5717e-05,,,-0.58486,-7.6684e-05,,
-0.45981,-7.2689e-05,,,-0.51647,-7.4728e-05,,,-0.55079,-7.5447e-05,,,-0.58853,-7.7071e-05,,
-0.46314,-7.2614e-05,,,-0.51982,-7.4761e-05,,,-0.55445,-7.5921e-05,,,-0.59182,-7.6894e-05,,
-0.46674,-7.3013e-05,,,-0.52317,-7.4928e-05,,,-0.55778,-7.5886e-05,,,-0.59547,-7.7191e-05,,
-0.47006,-7.2921e-05,,,-0.52687,-7.5572e-05,,,-0.5615,-7.6289e-05,,,-0.59884,-7.7044e-05,,
-0.47345,-7.2564e-05,,,-0.5302,-7.5572e-05,,,-0.56485,-7.6179e-05,,,-0.60258,-7.7452e-05,,
-0.47713,-7.316e-05,,,-0.53353,-7.558e-05,,,-0.56856,-7.6735e-05,,,-0.60591,-7.7284e-05,,
-0.48081,-7.3706e-05,,,-0.53684,-7.5599e-05,,,-0.57189,-7.6769e-05,,,-0.60961,-7.7854e-05,,
-0.4842,-7.4357e-05,,,-0.54021,-7.5611e-05,,,-0.57552,-7.693e-05,,,-0.61294,-7.7707e-05,,
-0.48719,-7.3873e-05,,,-0.54387,-7.6121e-05,,,-0.57919,-7.6871e-05,,,-0.61662,-7.8052e-05,,
-0.49049,-7.3908e-05,,,-0.54718,-7.5898e-05,,,-0.58288,-7.7226e-05,,,-0.61993,-7.7866e-05,,
-0.49382,-7.3875e-05,,,-0.55079,-7.6355e-05,,,-0.58622,-7.7103e-05,,,-0.62329,-7.7818e-05,,
-0.49715,-7.3972e-05,,,-0.55412,-7.6117e-05,,,-0.58988,-7.7543e-05,,,-0.62693,-7.823e-05,,
-0.50048,-7.4016e-05,,,-0.5578,-7.6561e-05,,,-0.59318,-7.7456e-05,,,-0.63028,-7.8099e-05,,
-0.50378,-7.4068e-05,,,-0.56117,-7.6603e-05,,,-0.59685,-7.7894e-05,,,-0.6336,-7.7886e-05,,
-0.50743,-7.4635e-05,,,-0.56452,-7.6745e-05,,,-0.60018,-7.7827e-05,,,-0.63724,-7.8182e-05,,
-0.51074,-7.5186e-05,,,-0.56821,-7.7139e-05,,,-0.6036,-7.7795e-05,,,-0.64056,-7.8022e-05,,
-0.51377,-7.4692e-05,,,-0.57156,-7.715e-05,,,-0.60728,-7.83e-05,,,-0.64393,-7.7899e-05,,
-0.51714,-7.4848e-05,,,-0.57487,-7.7213e-05,,,-0.61062,-7.8182e-05,,,-0.64729,-7.7787e-05,,
-0.52049,-7.4854e-05,,,-0.57854,-7.7757e-05,,,-0.61394,-7.8128e-05,,,-0.65098,-7.7949e-05,,
-0.52388,-7.5023e-05,,,-0.58188,-7.771e-05,,,-0.61762,-7.8612e-05,,,-0.65431,-7.7831e-05,,
-0.52723,-7.5148e-05,,,-0.58522,-7.7738e-05,,,-0.62093,-7.8491e-05,,,-0.65804,-7.8158e-05,,
-0.53087,-7.55e-05,,,-0.58854,-7.7682e-05,,,-0.62429,-7.8401e-05,,,-0.66135,-7.7875e-05,,
-0.53418,-7.5445e-05,,,-0.5922,-7.8145e-05,,,-0.6276,-7.8332e-05,,,-0.66466,-7.7695e-05,,
-0.53788,-7.6063e-05,,,-0.5955,-7.7982e-05,,,-0.63129,-7.8692e-05,,,-0.66834,-7.7974e-05,,
-0.54121,-7.6671e-05,,,-0.59918,-7.8518e-05,,,-0.6346,-7.8601e-05,,,-0.67167,-7.7795e-05,,
-0.54418,-7.6735e-05,,,-0.60258,-7.8156e-05,,,-0.63789,-7.8388e-05,,,-0.67534,-7.7996e-05,,
-0.54719,-7.6738e-05,,,-0.60624,-7.8566e-05,,,-0.64124,-7.8308e-05,,,-0.67868,-7.7695e-05,,
-0.55014,-7.6259e-05,,,-0.60959,-7.8608e-05,,,-0.6449,-7.8588e-05,,,-0.68195,-7.7476e-05,,
-0.55345,-7.632e-05,,,-0.61295,-7.853e-05,,,-0.64826,-7.8375e-05,,,-0.68567,-7.7708e-05,,
-0.55682,-7.6454e-05,,,-0.61663,-7.8846e-05,,,-0.65199,-7.8656e-05,,,-0.68903,-7.7466e-05,,
-0.56017,-7.6626e-05,,,-0.61996,-7.8667e-05,,,-0.65536,-7.8454e-05,,,-0.69275,-7.7434e-05,,
-0.5635,-7.6705e-05,,,-0.62331,-7.8483e-05,,,-0.659,-7.8655e-05,,,-0.69639,-7.7553e-05,,
-0.5672,-7.7292e-05,,,-0.62696,-7.8845e-05,,,-0.66229,-7.8294e-05,,,-0.69979,-7.7326e-05,,
-0.57059,-7.6739e-05,,,-0.63029,-7.8602e-05,,,-0.66599,-7.8544e-05,,,-0.70343,-7.752e-05,,
-0.57423,-7.7201e-05,,,-0.63395,-7.8971e-05,,,-0.66934,-7.8165e-05,,,-0.70673,-7.73e-05,,
-0.57786,-7.772e-05,,,-0.63723,-7.8713e-05,,,-0.67299,-7.8454e-05,,,-0.71043,-7.746e-05,,
-0.58124,-7.7593e-05,,,-0.64091,-7.9039e-05,,,-0.67633,-7.8166e-05,,,-0.7138,-7.7265e-05,,
-0.58487,-7.8006e-05,,,-0.64427,-7.8978e-05,,,-0.67998,-7.8231e-05,,,-0.71743,-7.746e-05,,
-0.58823,-7.8043e-05,,,-0.64757,-7.8831e-05,,,-0.68328,-7.802e-05,,,-0.72073,-7.7149e-05,,
-0.59156,-7.709e-05,,,-0.65097,-7.8779e-05,,,-0.6867,-7.7773e-05,,,-0.72436,-7.7388e-05,,
-0.59549,-7.8129e-05,,,-0.65467,-7.9178e-05,,,-0.69038,-7.8023e-05,,,-0.72775,-7.7087e-05,,
-0.59919,-7.8602e-05,,,-0.65802,-7.8984e-05,,,-0.69372,-7.7762e-05,,,-0.73144,-7.7419e-05,,
-0.60258,-7.9185e-05,,,-0.66134,-7.8897e-05,,,-0.69745,-7.8102e-05,,,-0.73515,-7.7692e-05,,
-0.60557,-7.8425e-05,,,-0.66465,-7.8756e-05,,,-0.70076,-7.7846e-05,,,-0.73881,-7.7997e-05,,
-0.60895,-7.8541e-05,,,-0.66799,-7.8689e-05,,,-0.70442,-7.7925e-05,,,-0.74221,-7.7904e-05,,
-0.61233,-7.8616e-05,,,-0.67134,-7.8479e-05,,,-0.70774,-7.7692e-05,,,-0.74585,-7.8264e-05,,
-0.61602,-7.9077e-05,,,-0.675,-7.8734e-05,,,-0.71111,-7.7622e-05,,,-0.74917,-7.8118e-05,,
-0.61895,-7.8574e-05,,,-0.67831,-7.8564e-05,,,-0.71479,-7.7888e-05,,,-0.75281,-7.855e-05,,
-0.62267,-7.9152e-05,,,-0.68161,-7.8395e-05,,,-0.71808,-7.777e-05,,,-0.75621,-7.8553e-05,,
-0.62598,-7.9047e-05,,,-0.6853,-7.8693e-05,,,-0.72142,-7.7406e-05,,,-0.75952,-7.858e-05,,
-0.62932,-7.9032e-05,,,-0.68872,-7.8533e-05,,,-0.72502,-7.7683e-05,,,-0.76317,-7.9041e-05,,
-0.63262,-7.8889e-05,,,-0.69208,-7.8407e-05,,,-0.72872,-7.7946e-05,,,-0.7665,-7.9055e-05,,
-0.63594,-7.8723e-05,,,-0.69539,-7.8183e-05,,,-0.7321,-7.7872e-05,,,-0.7702,-7.961e-05,,
-0.63953,-7.9082e-05,,,-0.69911,-7.8443e-05,,,-0.73579,-7.8303e-05,,,-0.77355,-7.9779e-05,,
-0.64292,-7.9044e-05,,,-0.70243,-7.8208e-05,,,-0.73914,-7.817e-05,,,-0.77722,-8.0101e-05,,
-0.64626,-7.8929e-05,,,-0.70576,-7.8057e-05,,,-0.7425,-7.8099e-05,,,-0.78061,-8.0367e-05,,
-0.64964,-7.8798e-05,,,-0.70944,-7.838e-05,,,-0.74617,-7.8462e-05,,,-0.78429,-8.097e-05,,
-0.65335,-7.9033e-05,,,-0.71276,-7.8204e-05,,,-0.74951,-7.8529e-05,,,-0.78763,-8.1042e-05,,
-0.65672,-7.8754e-05,,,-0.71609,-7.8088e-05,,,-0.75318,-7.8965e-05,,,-0.79128,-8.1518e-05,,
-0.66036,-7.9119e-05,,,-0.7194,-7.7982e-05,,,-0.75654,-7.8981e-05,,,-0.79463,-8.167e-05,,
-0.66367,-7.8933e-05,,,-0.72304,-7.8176e-05,,,-0.75984,-7.8964e-05,,,-0.79829,-8.2249e-05,,
-0.66702,-7.8765e-05,,,-0.72635,-7.8099e-05,,,-0.76351,-7.9421e-05,,,-0.80163,-8.2326e-05,,
-0.67034,-7.8623e-05,,,-0.73004,-7.8527e-05,,,-0.7668,-7.9453e-05,,,-0.80524,-8.2834e-05,,
-0.67401,-7.8948e-05,,,-0.73341,-7.8589e-05,,,-0.77048,-7.9974e-05,,,-0.80887,-8.3275e-05,,
-0.67734,-7.8854e-05,,,-0.73677,-7.8571e-05,,,-0.77388,-8.0131e-05,,,-0.81224,-8.3342e-05,,
-0.68066,-7.8544e-05,,,-0.74016,-7.8641e-05,,,-0.77761,-8.0732e-05,,,-0.81593,-8.3807e-05,,
-0.684,-7.841e-05,,,-0.74383,-7.9073e-05,,,-0.78096,-8.0892e-05,,,-0.81927,-8.3891e-05,,
-0.68737,-7.8341e-05,,,-0.74716,-7.9003e-05,,,-0.78465,-8.1538e-05,,,-0.823,-8.4395e-05,,
-0.69105,-7.8613e-05,,,-0.75046,-7.9139e-05,,,-0.78799,-8.1669e-05,,,-0.82634,-8.4372e-05,,
-0.69444,-7.8505e-05,,,-0.75416,-7.9637e-05,,,-0.79163,-8.2111e-05,,,-0.83003,-8.4774e-05,,
-0.69778,-7.8423e-05,,,-0.75752,-7.9662e-05,,,-0.79497,-8.2316e-05,,,-0.83331,-8.4651e-05,,
-0.70111,-7.8314e-05,,,-0.76083,-7.9741e-05,,,-0.79863,-8.2862e-05,,,-0.83701,-8.5007e-05,,
-0.70442,-7.8261e-05,,,-0.76451,-8.0289e-05,,,-0.80195,-8.3051e-05,,,-0.8403,-8.4874e-05,,
-0.70774,-7.8173e-05,,,-0.76779,-8.0325e-05,,,-0.80559,-8.3644e-05,,,-0.84397,-8.5127e-05,,
-0.71143,-7.858e-05,,,-0.77116,-8.056e-05,,,-0.80886,-8.3761e-05,,,-0.84734,-8.4915e-05,,
-0.71479,-7.8482e-05,,,-0.77486,-8.1234e-05,,,-0.81222,-8.3954e-05,,,-0.85096,-8.4938e-05,,
-0.71807,-7.8458e-05,,,-0.77824,-8.1468e-05,,,-0.81592,-8.4435e-05,,,-0.85461,-8.5057e-05,,
-0.72139,-7.8435e-05,,,-0.78159,-8.1633e-05,,,-0.81926,-8.4534e-05,,,-0.85798,-8.4808e-05,,
-0.72473,-7.8428e-05,,,-0.78526,-8.2258e-05,,,-0.82298,-8.5046e-05,,,-0.86167,-8.4692e-05,,
-0.72808,-7.8479e-05,,,-0.78858,-8.2491e-05,,,-0.82634,-8.5117e-05,,,-0.86505,-8.4248e-05,,
-0.73144,-7.8451e-05,,,-0.79193,-8.2719e-05,,,-0.83003,-8.5487e-05,,,-0.86871,-8.4148e-05,,
-0.73514,-7.8902e-05,,,-0.79527,-8.3049e-05,,,-0.83368,-8.5851e-05,,,-0.87237,-8.4029e-05,,
-0.73848,-7.8895e-05,,,-0.79894,-8.37e-05,,,-0.83699,-8.5764e-05,,,-0.87569,-8.3474e-05,,
-0.74187,-7.8966e-05,,,-0.80229,-8.3873e-05,,,-0.84033,-8.5671e-05,,,-0.87939,-8.3455e-05,,
-0.7452,-7.8829e-05,,,-0.80557,-8.4092e-05,,,-0.844,-8.5937e-05,,,-0.88269,-8.2877e-05,,
-0.74885,-7.9407e-05,,,-0.80888,-8.4257e-05,,,-0.84733,-8.5772e-05,,,-0.88634,-8.2695e-05,,
-0.75219,-7.9535e-05,,,-0.81256,-8.4919e-05,,,-0.85095,-8.5953e-05,,,-0.88966,-8.2053e-05,,
-0.75552,-7.9591e-05,,,-0.81591,-8.5007e-05,,,-0.85429,-8.561e-05,,,-0.89328,-8.1765e-05,,
-0.75889,-7.9825e-05,,,-0.81927,-8.5244e-05,,,-0.85797,-8.566e-05,,,-0.89662,-8.1141e-05,,
-0.76221,-7.9906e-05,,,-0.82298,-8.5804e-05,,,-0.86169,-8.5848e-05,,,-0.90031,-8.0768e-05,,
-0.76584,-8.0946e-05,,,-0.82637,-8.5905e-05,,,-0.86501,-8.5595e-05,,,-0.90396,-8.0434e-05,,
-0.76882,-8.1137e-05,,,-0.8297,-8.5963e-05,,,-0.86836,-8.5133e-05,,,-0.90736,-7.9899e-05,,
-0.77149,-8.0465e-05,,,-0.83331,-8.6361e-05,,,-0.87203,-8.5163e-05,,,-0.91068,-7.9226e-05,,
-0.77522,-8.1182e-05,,,-0.83665,-8.6342e-05,,,-0.87537,-8.4746e-05,,,-0.91439,-7.9085e-05,,
-0.7786,-8.1506e-05,,,-0.84035,-8.6749e-05,,,-0.87866,-8.4226e-05,,,-0.91768,-7.8406e-05,,
-0.78193,-8.1798e-05,,,-0.84365,-8.6659e-05,,,-0.88233,-8.4103e-05,,,-0.92134,-7.8031e-05,,
-0.78528,-8.2102e-05,,,-0.84697,-8.6654e-05,,,-0.8857,-8.3686e-05,,,-0.92469,-7.7291e-05,,
-0.78863,-8.278e-05,,,-0.85027,-8.6546e-05,,,-0.88931,-8.349e-05,,,-0.92838,-7.7024e-05,,
-0.7916,-8.3101e-05,,,-0.8536,-8.6381e-05,,,-0.89264,-8.2843e-05,,,-0.93198,-7.6588e-05,,
-0.79463,-8.3447e-05,,,-0.85727,-8.6608e-05,,,-0.8963,-8.261e-05,,,-0.93531,-7.5951e-05,,
-0.79763,-8.3494e-05,,,-0.86068,-8.6334e-05,,,-0.89964,-8.2064e-05,,,-0.93895,-7.563e-05,,
-0.80061,-8.3385e-05,,,-0.86435,-8.6487e-05,,,-0.90298,-8.1643e-05,,,-0.9423,-7.5032e-05,,
-0.8039,-8.3651e-05,,,-0.86769,-8.6193e-05,,,-0.90666,-8.1487e-05,,,-0.94565,-7.4433e-05,,
-0.80723,-8.3963e-05,,,-0.87105,-8.5908e-05,,,-0.91001,-8.0847e-05,,,-0.94939,-7.4125e-05,,
-0.81087,-8.4646e-05,,,-0.87437,-8.5496e-05,,,-0.91337,-8.0252e-05,,,-0.9527,-7.3418e-05,,
-0.81421,-8.4906e-05,,,-0.87801,-8.5442e-05,,,-0.91701,-8.001e-05,,,-0.9564,-7.3085e-05,,
-0.81758,-8.52e-05,,,-0.88137,-8.4869e-05,,,-0.92035,-7.9445e-05,,,-0.96002,-7.2625e-05,,
-0.82097,-8.5268e-05,,,-0.88503,-8.4649e-05,,,-0.92398,-7.9188e-05,,,-0.96331,-7.192e-05,,
-0.82465,-8.5897e-05,,,-0.88833,-8.4201e-05,,,-0.92735,-7.8554e-05,,,-0.96701,-7.1492e-05,,
-0.82799,-8.6222e-05,,,-0.89194,-8.3876e-05,,,-0.93065,-7.801e-05,,,-0.97032,-7.0988e-05,,
-0.83132,-8.639e-05,,,-0.89559,-8.37e-05,,,-0.9343,-7.7715e-05,,,-0.97366,-7.0353e-05,,
-0.83465,-8.6406e-05,,,-0.89893,-8.323e-05,,,-0.9376,-7.7042e-05,,,-0.97726,-6.999e-05,,
-0.83802,-8.7021e-05,,,-0.90227,-8.2774e-05,,,-0.94095,-7.6487e-05,,,-0.98058,-6.9421e-05,,
-0.841,-8.7049e-05,,,-0.90567,-8.2361e-05,,,-0.94465,-7.6229e-05,,,-0.98427,-6.9021e-05,,
-0.84399,-8.6675e-05,,,-0.90932,-8.2204e-05,,,-0.94798,-7.568e-05,,,-0.98762,-6.8416e-05,,
-0.84731,-8.6682e-05,,,-0.91268,-8.1742e-05,,,-0.9517,-7.5454e-05,,,-0.99131,-6.8079e-05,,
-0.85097,-8.6861e-05,,,-0.91605,-8.127e-05,,,-0.95505,-7.4797e-05,,,-0.99466,-6.7456e-05,,
-0.85428,-8.6626e-05,,,-0.91931,-8.0739e-05,,,-0.95837,-7.4211e-05,,,,,,
-0.85799,-8.6867e-05,,,-0.92301,-8.0581e-05,,,-0.962,-7.3907e-05,,,,,,
-0.86131,-8.6704e-05,,,-0.9263,-8.0116e-05,,,-0.96533,-7.3322e-05,,,,,,
-0.86471,-8.6462e-05,,,-0.92967,-7.9617e-05,,,-0.96865,-7.2732e-05,,,,,,
-0.86839,-8.6611e-05,,,-0.933,-7.9104e-05,,,-0.97197,-7.2183e-05,,,,,,
-0.8717,-8.6328e-05,,,-0.93631,-7.8589e-05,,,-0.97559,-7.1861e-05,,,,,,
-0.87505,-8.6019e-05,,,-0.93992,-7.8212e-05,,,-0.97894,-7.113e-05,,,,,,
-0.87867,-8.5996e-05,,,-0.94331,-7.7755e-05,,,-0.98259,-7.0872e-05,,,,,,
-0.88203,-8.5677e-05,,,-0.94664,-7.7269e-05,,,-0.98596,-7.0194e-05,,,,,,
-0.88537,-8.5405e-05,,,-0.95033,-7.6877e-05,,,-0.98964,-6.9809e-05,,,,,,
-0.88867,-8.5017e-05,,,-0.9537,-7.6388e-05,,,-0.99299,-6.9261e-05,,,,,,
-0.89198,-8.4595e-05,,,-0.95702,-7.5861e-05,,,-0.99669,-6.9044e-05,,,,,,
-0.89563,-8.4467e-05,,,-0.96066,-7.56e-05,,,,,,,,,,
-0.89898,-8.408e-05,,,-0.96395,-7.5033e-05,,,,,,,,,,
-0.90233,-8.3662e-05,,,-0.96734,-7.4551e-05,,,,,,,,,,
-0.90568,-8.3297e-05,,,-0.97066,-7.3983e-05,,,,,,,,,,
-0.90903,-8.274e-05,,,-0.97431,-7.3525e-05,,,,,,,,,,
-0.91271,-8.2672e-05,,,-0.97761,-7.2893e-05,,,,,,,,,,
-0.91604,-8.2181e-05,,,-0.98123,-7.2642e-05,,,,,,,,,,
-0.91935,-8.1648e-05,,,-0.9846,-7.2092e-05,,,,,,,,,,
-0.92305,-8.1524e-05,,,-0.98794,-7.1402e-05,,,,,,,,,,
-0.92636,-8.0969e-05,,,-0.99166,-7.1133e-05,,,,,,,,,,
-0.9297,-8.056e-05,,,-0.995,-7.0631e-05,,,,,,,,,,
-0.93302,-8.0059e-05,,,,,,,,,,,,,,
-0.93664,-7.9833e-05,,,,,,,,,,,,,,
-0.93997,-7.9323e-05,,,,,,,,,,,,,,
-0.94335,-7.8869e-05,,,,,,,,,,,,,,
-0.94666,-7.8394e-05,,,,,,,,,,,,,,
-0.95006,-7.798e-05,,,,,,,,,,,,,,
-0.95373,-7.7793e-05,,,,,,,,,,,,,,
-0.95707,-7.7228e-05,,,,,,,,,,,,,,
-0.96035,-7.6691e-05,,,,,,,,,,,,,,
-0.96372,-7.6176e-05,,,,,,,,,,,,,,
-0.96706,-7.5658e-05,,,,,,,,,,,,,,
-0.97038,-7.5168e-05,,,,,,,,,,,,,,
-0.97399,-7.4828e-05,,,,,,,,,,,,,,
-0.97731,-7.422e-05,,,,,,,,,,,,,,
-0.98057,-7.3676e-05,,,,,,,,,,,,,,
-0.98395,-7.325e-05,,,,,,,,,,,,,,
-0.98731,-7.2659e-05,,,,,,,,,,,,,,
-0.99103,-7.2169e-05,,,,,,,,,,,,,,
-0.99471,-7.1931e-05,,,,,,,,,,,,,,
