Potential (V),Current (A),Adjusted Potential (V),Adjusted Current (A),Potential (V),Current (A),Adjusted Potential (V),Adjusted Current (A),Potential (V),Current (A),Adjusted Potential (V),Adjusted Current (A),Potential (V),Current (A),Adjusted Potential (V),Adjusted Current (A)
-0.99734,-4.3046e-05,-1.0,-4.463853258845438e-05,-0.99741,-0.00011926,-1.0,-0.00012337466467958268,-0.99737,-0.00011403,-1.0,-0.00011867161473087825,-0.9974,-0.00011866,-1.0,-0.00012358321116928464
-0.99197,-3.9831e-05,-0.99,-3.887265954415953e-05,-0.9907,-0.0001086,-0.99,-0.00010753986842105257,-0.99031,-0.00010157,-0.99,-0.00010121094142705002,-0.99167,-0.00010781,-0.99,-0.00010542876529160734
-0.98495,-3.6416e-05,-0.98,-3.456045714285714e-05,-0.98462,-9.9392e-05,-0.98,-9.328024892703858e-05,-0.98092,-9.0694e-05,-0.98,-8.96600952380952e-05,-0.98464,-9.7786e-05,-0.98,-9.208633287858116e-05
-0.97795,-3.3792e-05,-0.97,-3.078068975903613e-05,-0.97763,-9.0145e-05,-0.97,-8.174327350427349e-05,-0.97399,-8.2906e-05,-0.97,-7.89526896551724e-05,-0.97731,-8.8782e-05,-0.97,-8.059621739130428e-05
-0.97099,-3.1109e-05,-0.96,-2.7387471311475383e-05,-0.97034,-8.2084e-05,-0.96,-7.195001440922189e-05,-0.96703,-7.601e-05,-0.96,-6.954043571428564e-05,-0.97035,-8.0931e-05,-0.96,-7.118152729885052e-05
-0.96435,-2.8907e-05,-0.95,-2.418740713224368e-05,-0.96332,-7.5049e-05,-0.95,-6.335257608695651e-05,-0.96003,-6.9566e-05,-0.95,-6.122928571428565e-05,-0.96299,-7.3891e-05,-0.95,-6.259663404255312e-05
-0.95703,-2.635e-05,-0.94,-2.062253703703702e-05,-0.95638,-6.8571e-05,-0.94,-5.5435679999999946e-05,-0.95303,-6.3601e-05,-0.94,-5.381655766621432e-05,-0.95603,-6.7584e-05,-0.94,-5.5111576319543454e-05
-0.95002,-2.4195e-05,-0.9299999999999999,-1.7615025862068953e-05,-0.94902,-6.2551e-05,-0.9299999999999999,-4.8370637015781886e-05,-0.94596,-5.8067e-05,-0.9299999999999999,-4.7011351931330426e-05,-0.94898,-6.1753e-05,-0.9299999999999999,-4.803132230215826e-05
-0.94329,-2.164e-05,-0.9199999999999999,-1.4033030129124792e-05,-0.94196,-5.6841e-05,-0.9199999999999999,-4.17177768240343e-05,-0.93859,-5.2811e-05,-0.9199999999999999,-4.075765759312318e-05,-0.94159,-5.624e-05,-0.9199999999999999,-4.156589999999998e-05
-0.93627,-1.9469e-05,-0.9099999999999999,-1.089226609442059e-05,-0.93496,-5.1822e-05,-0.9099999999999999,-3.562727635327629e-05,-0.93164,-4.8077e-05,-0.9099999999999999,-3.458821968616259e-05,-0.93458,-5.1265e-05,-0.9099999999999999,-3.551838714285712e-05
-0.92931,-1.7411e-05,-0.8999999999999999,-7.36689999999997e-06,-0.92799,-4.6972e-05,-0.8999999999999999,-2.96296226950354e-05,-0.92465,-4.3535e-05,-0.8999999999999999,-2.8873054054053984e-05,-0.92763,-4.6358e-05,-0.8999999999999999,-2.9758883468834638e-05
-0.92232,-1.475e-05,-0.8899999999999999,-3.7842200867051803e-06,-0.92099,-4.2319e-05,-0.8899999999999999,-2.3879307913669005e-05,-0.91767,-3.9366e-05,-0.8899999999999999,-2.3276484892086256e-05,-0.92031,-4.1755e-05,-0.8899999999999999,-2.4167729885057427e-05
-0.91535,-1.2596e-05,-0.8799999999999999,1.5508716119873332e-08,-0.914,-3.8074e-05,-0.8799999999999999,-1.8417508843537344e-05,-0.91062,-3.4942e-05,-0.8799999999999999,-1.7866223816355757e-05,-0.91331,-3.7485e-05,-0.8799999999999999,-1.8931321917808144e-05
-0.90836,-1.037e-05,-0.8699999999999999,3.853587161198342e-06,-0.90698,-3.378e-05,-0.8699999999999999,-1.3039273542600854e-05,-0.90361,-3.0942e-05,-0.8699999999999999,-1.2673999999999937e-05,-0.90631,-3.3326e-05,-0.8699999999999999,-1.3605098430813072e-05
-0.9013,-7.8453e-06,-0.8599999999999999,8.043915217391335e-06,-0.89993,-2.9588e-05,-0.8599999999999999,-7.738897567567498e-06,-0.89658,-2.6913e-05,-0.8599999999999999,-7.607896039603904e-06,-0.89893,-2.9154e-05,-0.8599999999999999,-8.315054385964842e-06
-0.89425,-5.2509e-06,-0.8499999999999999,1.2150000000000045e-05,-0.89261,-2.5318e-05,-0.8499999999999999,-2.504685251075964e-06,-0.88963,-2.3072e-05,-0.8499999999999999,-2.4653549931599815e-06,-0.89191,-2.5137e-05,-0.8499999999999999,-3.2121019943019418e-06
-0.88733,-2.8628e-06,-0.8399999999999999,1.6416049046321597e-05,-0.88566,-2.1487e-05,-0.8399999999999999,2.6452822668580195e-06,-0.88262,-1.9292e-05,-0.8399999999999999,2.7395556616644575e-06,-0.88495,-2.1605e-05,-0.8399999999999999,1.8996481586403078e-06
-0.88034,-1.1077e-07,-0.8299999999999998,2.0866872521246513e-05,-0.87831,-1.7501e-05,-0.8299999999999998,7.791724501424595e-06,-0.87565,-1.5499e-05,-0.8299999999999998,7.71671695402307e-06,-0.87765,-1.7662e-05,-0.8299999999999998,6.909262068965588e-06
-0.87333,2.4928e-06,-0.8199999999999998,2.5265170000000076e-05,-0.87135,-1.3751e-05,-0.8199999999999998,1.2803569405099222e-05,-0.86834,-1.1844e-05,-0.8199999999999998,1.2679665014164375e-05,-0.87032,-1.3774e-05,-0.8199999999999998,1.1887076271186525e-05
-0.86632,5.3574e-06,-0.8099999999999998,2.9846718130311712e-05,-0.86466,-1.0224e-05,-0.8099999999999998,1.7778958923512852e-05,-0.86161,-8.4448e-06,-0.8099999999999998,1.7486210670314715e-05,-0.86331,-1.0074e-05,-0.8099999999999998,1.671921919770784e-05
-0.85896,8.486e-06,-0.7999999999999998,3.425123428571436e-05,-0.85726,-6.2777e-06,-0.7999999999999998,2.2368042979942783e-05,-0.85454,-4.7697e-06,-0.7999999999999998,2.2281077142857243e-05,-0.8559,-6.1363e-06,-0.7999999999999998,2.1424480631276996e-05
-0.8519,1.1382e-05,-0.7899999999999998,3.878028510638305e-05,-0.85026,-2.6392e-06,-0.7899999999999998,2.7107366621067123e-05,-0.84723,-1.0594e-06,-0.7899999999999998,2.666733813892538e-05,-0.84888,-2.657e-06,-0.7899999999999998,2.610559568345332e-05
-0.84525,1.407e-05,-0.7799999999999998,4.325003840682796e-05,-0.84329,9.6683e-07,-0.7799999999999998,3.172235111111121e-05,-0.8399,2.7921e-06,-0.7799999999999998,3.139019491525431e-05,-0.84162,1.0846e-06,-0.7799999999999998,3.047202578019005e-05
-0.83791,1.735e-05,-0.7699999999999998,4.755068545994074e-05,-0.83632,4.5227e-06,-0.7699999999999998,3.590771718538575e-05,-0.83287,6.2945e-06,-0.7699999999999998,3.558359490084995e-05,-0.83456,4.6366e-06,-0.7699999999999998,3.48242263610316e-05
-0.83095,2.0457e-05,-0.7599999999999998,5.168032097004289e-05,-0.8293,8.1538e-06,-0.7599999999999998,3.9994400000000086e-05,-0.82591,9.7435e-06,-0.7599999999999998,3.9547938858695736e-05,-0.8276,8.1054e-06,-0.7599999999999998,3.876244507845944e-05
-0.82389,2.3503e-05,-0.7499999999999998,5.5582713876967174e-05,-0.82229,1.1643e-05,-0.7499999999999998,4.383770370370377e-05,-0.81885,1.3251e-05,-0.7499999999999998,4.358758174386928e-05,-0.82023,1.1775e-05,-0.7499999999999998,4.27606222826088e-05
-0.81689,2.6674e-05,-0.7399999999999998,5.9181387553041086e-05,-0.81523,1.5221e-05,-0.7399999999999998,4.723789361702136e-05,-0.8118,1.66e-05,-0.7399999999999998,4.7176232954545536e-05,-0.81315,1.5225e-05,-0.7399999999999998,4.6233254237288214e-05
-0.80983,2.9925e-05,-0.7299999999999998,6.255647308781876e-05,-0.80817,1.8674e-05,-0.7299999999999998,5.03606884779517e-05,-0.80449,2.0199e-05,-0.7299999999999998,5.0284961918194717e-05,-0.80617,1.8536e-05,-0.7299999999999998,4.951631489361708e-05
-0.80289,3.294e-05,-0.7199999999999998,6.555708633093532e-05,-0.80152,2.1659e-05,-0.7199999999999998,5.348705089408536e-05,-0.79749,2.3445e-05,-0.7199999999999998,5.320130864197538e-05,-0.7992,2.1799e-05,-0.7199999999999998,5.249451785714293e-05
-0.79589,3.6116e-05,-0.7099999999999997,6.809267521367527e-05,-0.79454,2.4915e-05,-0.7099999999999997,5.5761421052631634e-05,-0.79045,2.6448e-05,-0.7099999999999997,5.563395901639352e-05,-0.79181,2.5348e-05,-0.7099999999999997,5.5147360398860466e-05
-0.78884,3.9305e-05,-0.6999999999999997,7.015000714285719e-05,-0.78723,2.8445e-05,-0.6999999999999997,5.783886684782614e-05,-0.78282,3.0167e-05,-0.6999999999999997,5.807021968616268e-05,-0.78486,2.8257e-05,-0.6999999999999997,5.7602198087431754e-05
-0.78182,4.2419e-05,-0.6899999999999997,7.208012711864412e-05,-0.78019,3.1645e-05,-0.6899999999999997,5.994473207036542e-05,-0.77574,3.3238e-05,-0.6899999999999997,6.006107386363642e-05,-0.77749,3.1616e-05,-0.6899999999999997,5.9243550471063306e-05
-0.77479,4.5629e-05,-0.6799999999999997,7.368610836762694e-05,-0.77344,3.4393e-05,-0.6799999999999997,6.160250410958908e-05,-0.76868,3.6123e-05,-0.6799999999999997,6.14233467048711e-05,-0.77037,3.4674e-05,-0.6799999999999997,6.110325170998638e-05
-0.76805,4.8333e-05,-0.6699999999999997,7.508640540540545e-05,-0.76605,3.7647e-05,-0.6699999999999997,6.312680257510733e-05,-0.76137,3.8983e-05,-0.6699999999999997,6.277240983606561e-05,-0.76339,3.7508e-05,-0.6699999999999997,6.23073215258856e-05
-0.76107,5.1254e-05,-0.6599999999999997,7.577498283261805e-05,-0.75905,4.0363e-05,-0.6599999999999997,6.403878366762182e-05,-0.75401,4.2018e-05,-0.6599999999999997,6.38318542857143e-05,-0.75638,4.0102e-05,-0.6599999999999997,6.352882808022924e-05
-0.75406,5.4047e-05,-0.6499999999999997,7.670899434229139e-05,-0.75208,4.3086e-05,-0.6499999999999997,6.480757723577238e-05,-0.74667,4.4891e-05,-0.6499999999999997,6.482708243243247e-05,-0.74902,4.3169e-05,-0.6499999999999997,6.442566949152546e-05
-0.74707,5.6691e-05,-0.6399999999999997,7.738861063218392e-05,-0.74506,4.5623e-05,-0.6399999999999997,6.543497017045456e-05,-0.73963,4.7303e-05,-0.6399999999999997,6.5628303030303e-05,-0.74204,4.554e-05,-0.6399999999999997,6.505134146341464e-05
-0.74003,5.9171e-05,-0.6299999999999997,7.784823252496435e-05,-0.73801,4.7873e-05,-0.6299999999999997,6.620145857142858e-05,-0.73262,4.9564e-05,-0.6299999999999997,6.56840136798906e-05,-0.73496,4.7946e-05,-0.6299999999999997,6.536085035971224e-05
-0.73296,6.1619e-05,-0.6199999999999997,7.784103309352518e-05,-0.73093,5.0076e-05,-0.6199999999999997,6.661184120171675e-05,-0.72553,5.1515e-05,-0.6199999999999997,6.649984878744653e-05,-0.72791,5.0178e-05,-0.6199999999999997,6.600155043227667e-05
-0.7259,6.3855e-05,-0.6099999999999997,7.803494586894588e-05,-0.7239,5.2228e-05,-0.6099999999999997,6.719683687943264e-05,-0.71824,5.3738e-05,-0.6099999999999997,6.684200000000001e-05,-0.72089,5.2245e-05,-0.6099999999999997,6.64389002849003e-05
-0.71895,6.586e-05,-0.5999999999999996,7.81447397454031e-05,-0.71663,5.4575e-05,-0.5999999999999996,6.771314872521249e-05,-0.71123,5.5311e-05,-0.5999999999999996,6.73789886524823e-05,-0.71361,5.4286e-05,-0.5999999999999996,6.690924576271188e-05
-0.71197,6.7665e-05,-0.5899999999999996,7.794424212034382e-05,-0.70998,5.5765e-05,-0.5899999999999996,6.816828694404592e-05,-0.70391,5.7233e-05,-0.5899999999999996,6.781471326676179e-05,-0.70659,5.5961e-05,-0.5899999999999996,6.771682926829269e-05
-0.70495,6.9189e-05,-0.5799999999999996,7.772279315263908e-05,-0.70295,5.7216e-05,-0.5799999999999996,6.86104721825963e-05,-0.6969,5.8734e-05,-0.5799999999999996,6.839900000000003e-05,-0.69927,5.7784e-05,-0.5799999999999996,6.806895312500001e-05
-0.69795,7.0548e-05,-0.5699999999999996,7.747120425531914e-05,-0.69559,5.877e-05,-0.5699999999999996,6.879186512261582e-05,-0.68986,6.0088e-05,-0.5699999999999996,6.873057266187051e-05,-0.69224,5.8826e-05,-0.5699999999999996,6.851783901773538e-05
-0.69054,7.1996e-05,-0.5599999999999996,7.744152482269503e-05,-0.6882,6.0323e-05,-0.5599999999999996,6.98561428571429e-05,-0.68278,6.1133e-05,-0.5599999999999996,6.951861569688771e-05,-0.68481,6.0211e-05,-0.5599999999999996,6.947649647390693e-05
-0.68346,7.3099e-05,-0.5499999999999996,7.743693103448277e-05,-0.68112,6.1394e-05,-0.5499999999999996,7.023321212121212e-05,-0.6758,6.1862e-05,-0.5499999999999996,7.008214697406341e-05,-0.6775,6.1567e-05,-0.5499999999999996,6.960332857142857e-05
-0.67617,7.4336e-05,-0.5399999999999996,7.773865763195437e-05,-0.67382,6.2753e-05,-0.5399999999999996,7.098162962962967e-05,-0.66848,6.3011e-05,-0.5399999999999996,7.08596628571429e-05,-0.6705,6.2236e-05,-0.5399999999999996,7.061604761904765e-05
-0.66914,7.5191e-05,-0.5299999999999996,7.804493419170244e-05,-0.66683,6.3437e-05,-0.5299999999999996,7.181671060171924e-05,-0.66149,6.3725e-05,-0.5299999999999996,7.19077626193725e-05,-0.66316,6.3283e-05,-0.5299999999999996,7.182866666666673e-05
-0.66249,7.5547e-05,-0.5199999999999996,7.848715078236134e-05,-0.65985,6.4052e-05,-0.5199999999999996,7.29324169014085e-05,-0.65449,6.4227e-05,-0.5199999999999996,7.307888794326245e-05,-0.65618,6.3826e-05,-0.5199999999999996,7.280946468926557e-05
-0.6555,7.6187e-05,-0.5099999999999996,7.923591501416433e-05,-0.65281,6.4538e-05,-0.5099999999999996,7.392533429394819e-05,-0.64709,6.5216e-05,-0.5099999999999996,7.416872413793108e-05,-0.6491,6.4513e-05,-0.5099999999999996,7.377255857142861e-05
-0.64843,7.6858e-05,-0.49999999999999956,7.984024137931037e-05,-0.64543,6.5246e-05,-0.49999999999999956,7.52059012875537e-05,-0.64004,6.563e-05,-0.49999999999999956,7.5245269614836e-05,-0.64204,6.4977e-05,-0.49999999999999956,7.507100550206334e-05
-0.64137,7.7327e-05,-0.48999999999999955,8.07573467048711e-05,-0.63839,6.5491e-05,-0.48999999999999955,7.650129756795429e-05,-0.63311,6.5336e-05,-0.48999999999999955,7.636225824175833e-05,-0.63507,6.5231e-05,-0.48999999999999955,7.617511047345771e-05
-0.63441,7.764e-05,-0.47999999999999954,8.188761593172125e-05,-0.63111,6.6168e-05,-0.47999999999999954,7.783820170454553e-05,-0.6258,6.6154e-05,-0.47999999999999954,7.800216124469594e-05,-0.62812,6.5409e-05,-0.47999999999999954,7.764595121951229e-05
-0.6274,7.7971e-05,-0.46999999999999953,8.299175498575504e-05,-0.62411,6.6379e-05,-0.46999999999999953,7.92772160228899e-05,-0.61879,6.6572e-05,-0.46999999999999953,7.917993750000006e-05,-0.62074,6.5975e-05,-0.46999999999999953,7.906668247126443e-05
-0.62071,7.783e-05,-0.4599999999999995,8.386872046109514e-05,-0.61712,6.6775e-05,-0.4599999999999995,8.083765136298429e-05,-0.61177,6.6769e-05,-0.4599999999999995,8.083142428571435e-05,-0.6138,6.6224e-05,-0.4599999999999995,8.036306493506499e-05
-0.61376,7.7938e-05,-0.4499999999999995,8.51167902995721e-05,-0.6101,6.7192e-05,-0.4499999999999995,8.222253780313845e-05,-0.60469,6.7061e-05,-0.4499999999999995,8.208633619456372e-05,-0.60678,6.6621e-05,-0.4499999999999995,8.216014673913053e-05
-0.60674,7.8119e-05,-0.4399999999999995,8.636144871794879e-05,-0.60305,6.7533e-05,-0.4399999999999995,8.366996892655375e-05,-0.59764,6.7539e-05,-0.4399999999999995,8.358122641509443e-05,-0.5997,6.6922e-05,-0.4399999999999995,8.340581534090915e-05
-0.59967,7.8146e-05,-0.4299999999999995,8.813795886524828e-05,-0.59599,6.795e-05,-0.4299999999999995,8.51551963015648e-05,-0.59068,6.7786e-05,-0.4299999999999995,8.517014122681888e-05,-0.59236,6.7642e-05,-0.4299999999999995,8.515968563685648e-05
-0.59265,7.8057e-05,-0.4199999999999995,8.929470893371764e-05,-0.58902,6.8204e-05,-0.4199999999999995,8.665772022955531e-05,-0.58367,6.8082e-05,-0.4199999999999995,8.664583310533524e-05,-0.58539,6.7863e-05,-0.4199999999999995,8.655002017291071e-05
-0.58567,7.776e-05,-0.4099999999999995,9.039011621233866e-05,-0.58202,6.8639e-05,-0.4099999999999995,8.801456733524362e-05,-0.57633,6.8716e-05,-0.4099999999999995,8.780405714285722e-05,-0.57835,6.8132e-05,-0.4099999999999995,8.751790000000005e-05
-0.57866,7.7714e-05,-0.39999999999999947,9.152247727272734e-05,-0.57501,6.854e-05,-0.39999999999999947,8.923471346704878e-05,-0.56938,6.8732e-05,-0.39999999999999947,8.916193133047216e-05,-0.57137,6.835e-05,-0.39999999999999947,8.852880425531922e-05
-0.57171,7.7486e-05,-0.38999999999999946,9.259297717546368e-05,-0.56767,6.8909e-05,-0.38999999999999946,9.035634615384617e-05,-0.56197,6.9368e-05,-0.38999999999999946,9.027336130867716e-05,-0.56404,6.9248e-05,-0.38999999999999946,8.984803518267939e-05
-0.56466,7.7425e-05,-0.37999999999999945,9.35519352517986e-05,-0.5603,6.9839e-05,-0.37999999999999945,9.141045006839954e-05,-0.55458,6.9933e-05,-0.37999999999999945,9.116293083573491e-05,-0.55695,6.9649e-05,-0.37999999999999945,9.104125714285719e-05
-0.55761,7.745e-05,-0.36999999999999944,9.4677974008208e-05,-0.55323,7.0243e-05,-0.36999999999999944,9.244135988620205e-05,-0.54764,7.0159e-05,-0.36999999999999944,9.236869754768401e-05,-0.54995,6.9603e-05,-0.36999999999999944,9.178737232524969e-05
-0.55061,7.7418e-05,-0.35999999999999943,9.542102176870758e-05,-0.5463,7.0222e-05,-0.35999999999999943,9.33056519258203e-05,-0.54032,7.0831e-05,-0.35999999999999943,9.327675358166195e-05,-0.54266,7.0341e-05,-0.35999999999999943,9.253973819742493e-05
-0.54365,7.7634e-05,-0.3499999999999994,9.663361898017001e-05,-0.53901,7.1101e-05,-0.3499999999999994,9.431146781115887e-05,-0.53332,7.1458e-05,-0.3499999999999994,9.418657485875712e-05,-0.53531,7.1101e-05,-0.3499999999999994,9.363311565585337e-05
-0.53664,7.7835e-05,-0.3399999999999994,9.743990638297878e-05,-0.53202,7.1615e-05,-0.3399999999999994,9.49817628571429e-05,-0.52599,7.2451e-05,-0.3399999999999994,9.496082733812951e-05,-0.52802,7.21e-05,-0.3399999999999994,9.446279310344832e-05
-0.52965,7.8056e-05,-0.3299999999999994,9.814964957264961e-05,-0.52504,7.2312e-05,-0.3299999999999994,9.592832786885253e-05,-0.51894,7.319e-05,-0.3299999999999994,9.523616045845274e-05,-0.52097,7.272e-05,-0.3299999999999994,9.51364935622318e-05
-0.52264,7.8293e-05,-0.3199999999999994,9.892479369627512e-05,-0.51794,7.3186e-05,-0.3199999999999994,9.658327220630377e-05,-0.5119,7.3982e-05,-0.3199999999999994,9.633680571428569e-05,-0.51389,7.3373e-05,-0.3199999999999994,9.584744596443234e-05
-0.51561,7.881e-05,-0.3099999999999994,9.96045897435898e-05,-0.51087,7.3809e-05,-0.3099999999999994,9.717316147308784e-05,-0.50494,7.4666e-05,-0.3099999999999994,9.666002835051557e-05,-0.50689,7.4092e-05,-0.3099999999999994,9.61598425531915e-05
-0.50855,7.9346e-05,-0.2999999999999994,0.00010035424328147104,-0.50393,7.4737e-05,-0.2999999999999994,9.766319178082198e-05,-0.49793,7.5488e-05,-0.2999999999999994,9.74630455840456e-05,-0.49962,7.5125e-05,-0.2999999999999994,9.696169115646265e-05
-0.50159,7.9705e-05,-0.28999999999999937,0.00010075368131868137,-0.49694,7.5571e-05,-0.28999999999999937,9.858605021520807e-05,-0.49095,7.6178e-05,-0.28999999999999937,9.813202739726032e-05,-0.49261,7.5904e-05,-0.28999999999999937,9.790106060606067e-05
-0.49463,8.0297e-05,-0.27999999999999936,0.00010174857530529181,-0.48995,7.6508e-05,-0.27999999999999936,9.92511031518625e-05,-0.48367,7.759e-05,-0.27999999999999936,9.88276085714286e-05,-0.48564,7.6628e-05,-0.27999999999999936,9.808948936170211e-05
-0.48765,8.0991e-05,-0.26999999999999935,0.00010265208869814024,-0.48294,7.7345e-05,-0.26999999999999935,9.971910714285715e-05,-0.4766,7.8384e-05,-0.26999999999999935,9.927560455192037e-05,-0.47826,7.796e-05,-0.26999999999999935,9.912043404255323e-05
-0.48059,8.1824e-05,-0.25999999999999934,0.00010332094339622652,-0.4759,7.8526e-05,-0.25999999999999934,0.0001001440679886686,-0.46956,7.9233e-05,-0.25999999999999934,9.978581351351357e-05,-0.47119,7.8914e-05,-0.25999999999999934,9.976715492957752e-05
-0.47356,8.2582e-05,-0.24999999999999933,0.00010444378417266191,-0.46891,7.9416e-05,-0.24999999999999933,0.00010071905172413794,-0.46227,8.0536e-05,-0.24999999999999933,0.00010051138373751786,-0.46423,7.9807e-05,-0.24999999999999933,0.00010021061959654179
-0.46654,8.339e-05,-0.23999999999999932,0.00010465555873925505,-0.46192,8.0571e-05,-0.23999999999999932,0.00010117073968705553,-0.45527,8.1447e-05,-0.23999999999999932,0.00010099321839080461,-0.4573,8.0718e-05,-0.23999999999999932,0.00010068046258503407
-0.4596,8.3898e-05,-0.22999999999999932,0.0001053409787234043,-0.45495,8.1539e-05,-0.22999999999999932,0.00010138793493635083,-0.44828,8.2295e-05,-0.22999999999999932,0.00010101610354223431,-0.44994,8.2172e-05,-0.22999999999999932,0.0001011406886657102
-0.45264,8.4814e-05,-0.2199999999999993,0.00010614834992887631,-0.44794,8.2507e-05,-0.2199999999999993,0.00010200195467422098,-0.44098,8.3395e-05,-0.2199999999999993,0.00010211666666666677,-0.44299,8.3055e-05,-0.2199999999999993,0.00010163018465909094
-0.44563,8.5618e-05,-0.2099999999999993,0.00010679113997113997,-0.44098,8.3522e-05,-0.2099999999999993,0.00010267890156918694,-0.43356,8.4805e-05,-0.2099999999999993,0.00010248991366906476,-0.43595,8.3881e-05,-0.2099999999999993,0.00010201137142857145
-0.43861,8.6545e-05,-0.1999999999999993,0.00010724060085836915,-0.4339,8.4591e-05,-0.1999999999999993,0.0001032014204545455,-0.42655,8.5524e-05,-0.1999999999999993,0.00010264241379310346,-0.42857,8.5467e-05,-0.1999999999999993,0.00010230819672131155
-0.43122,8.7999e-05,-0.18999999999999928,0.00010773257918552035,-0.42687,8.5608e-05,-0.18999999999999928,0.0001035197564469914,-0.41924,8.6776e-05,-0.18999999999999928,0.00010334502139800284,-0.42155,8.6391e-05,-0.18999999999999928,0.0001027433903133903
-0.42417,8.8802e-05,-0.17999999999999927,0.00010792920792079212,-0.4199,8.6673e-05,-0.17999999999999927,0.00010379609395973162,-0.41226,8.7436e-05,-0.17999999999999927,0.00010370032697547691,-0.41461,8.7103e-05,-0.17999999999999927,0.00010298253878702403
-0.41723,8.9622e-05,-0.16999999999999926,0.00010826667621776506,-0.41292,8.7664e-05,-0.16999999999999926,0.0001043831375358166,-0.40491,8.8633e-05,-0.16999999999999926,0.00010423009873060652,-0.40761,8.7733e-05,-0.16999999999999926,0.00010351007142857145
-0.41025,9.0363e-05,-0.15999999999999925,0.00010854072961373393,-0.40594,8.8502e-05,-0.15999999999999925,0.00010400659482758617,-0.39792,8.9386e-05,-0.15999999999999925,0.00010480957264957266,-0.40064,8.8455e-05,-0.15999999999999925,0.00010408395348837216
-0.40328,9.1119e-05,-0.14999999999999925,0.00010880562243502061,-0.39896,8.9363e-05,-0.14999999999999925,0.00010534416309012876,-0.39087,9.0185e-05,-0.14999999999999925,0.0001050843919885551,-0.39359,8.9268e-05,-0.14999999999999925,0.0001042815351506456
-0.39624,9.1985e-05,-0.13999999999999924,0.00010951193164933133,-0.39189,9.0264e-05,-0.13999999999999924,0.00010557247142857146,-0.38384,9.0899e-05,-0.13999999999999924,0.00010537388888888891,-0.3862,9.0462e-05,-0.13999999999999924,0.00010458385869565226
-0.38923,9.2668e-05,-0.12999999999999923,0.00010999239512855218,-0.38487,9.0607e-05,-0.12999999999999923,0.00010601421276595749,-0.3769,9.1376e-05,-0.12999999999999923,0.00010566802556818185,-0.3792,9.1116e-05,-0.12999999999999923,0.00010528503576537912
-0.38215,9.3392e-05,-0.11999999999999923,0.0001102003614457831,-0.37756,9.1813e-05,-0.11999999999999923,0.00010660409288824387,-0.36956,9.2432e-05,-0.11999999999999923,0.0001065427123287672,-0.37226,9.1592e-05,-0.11999999999999923,0.00010556476394849788
-0.3752,9.3909e-05,-0.10999999999999924,0.00011028931880108997,-0.37058,9.2386e-05,-0.10999999999999924,0.00010697914285714287,-0.36257,9.3047e-05,-0.10999999999999924,0.00010674791666666664,-0.36525,9.2198e-05,-0.10999999999999924,0.00010631442019099598
-0.36789,9.499e-05,-0.09999999999999924,0.00011077711527541175,-0.36355,9.3057e-05,-0.09999999999999924,0.00010739130346232183,-0.35559,9.3671e-05,-0.09999999999999924,0.000107303014484832,-0.35826,9.2653e-05,-0.09999999999999924,0.00010680842045292696
-0.36122,9.5223e-05,-0.08999999999999925,0.00011152681013733546,-0.35654,9.3548e-05,-0.08999999999999925,0.00010841004999324427,-0.34851,9.4324e-05,-0.08999999999999925,0.0001078954519613417,-0.35087,9.3559e-05,-0.08999999999999925,0.00010741464880112841
-0.35387,9.6416e-05,-0.07999999999999925,0.00011207244336800117,-0.34955,9.4364e-05,-0.07999999999999925,0.0001088209512893983,-0.34145,9.4936e-05,-0.07999999999999925,0.00010831559816828852,-0.34378,9.4163e-05,-0.07999999999999925,0.00010774023641343522
-0.34681,9.6813e-05,-0.06999999999999926,0.00011208390300230955,-0.34246,9.4831e-05,-0.06999999999999926,0.000109110377736443,-0.3345,9.5055e-05,-0.06999999999999926,0.00010892430778032041,-0.33682,9.4715e-05,-0.06999999999999926,0.0001083263102040817
-0.33976,9.7462e-05,-0.059999999999999255,0.0001127623353894707,-0.33546,9.526e-05,-0.059999999999999255,0.00010997024897400829,-0.32752,9.5336e-05,-0.059999999999999255,0.00010947618488838011,-0.32983,9.5147e-05,-0.059999999999999255,0.00010890315397824844
-0.33282,9.795e-05,-0.04999999999999925,0.00011317841896111269,-0.32814,9.6156e-05,-0.04999999999999925,0.00011030235000000004,-0.32018,9.6342e-05,-0.04999999999999925,0.00011003866525123856,-0.32283,9.5614e-05,-0.04999999999999925,0.000109336479217604
-0.3258,9.8447e-05,-0.03999999999999925,0.00011384448266485393,-0.32114,9.6507e-05,-0.03999999999999925,0.00011098199971675405,-0.31318,9.614e-05,-0.03999999999999925,0.00011056179384395134,-0.31552,9.6217e-05,-0.03999999999999925,0.00011021514281654119
-0.31882,9.9022e-05,-0.02999999999999925,0.000114416821154393,-0.31416,9.6974e-05,-0.02999999999999925,0.00011158178078250866,-0.30542,9.7409e-05,-0.02999999999999925,0.00011123850528918816,-0.30847,9.6144e-05,-0.02999999999999925,0.00011060170490023084
-0.3118,9.9451e-05,-0.019999999999999248,0.00011504552260293698,-0.3071,9.7312e-05,-0.019999999999999248,0.00011228883155650327,-0.2984,9.7479e-05,-0.019999999999999248,0.00011173326143344717,-0.30076,9.6889e-05,-0.019999999999999248,0.00011137110631563804
-0.30478,0.00010005,-0.009999999999999247,0.00011577482601368105,-0.30005,9.7658e-05,-0.009999999999999247,0.00011253042673609151,-0.29112,9.803e-05,-0.009999999999999247,0.00011242506116424946,-0.29341,9.7592e-05,-0.009999999999999247,0.00011164447151232287
-0.29771,0.0001005,7.528699885739343e-16,0.00011622908408599423,-0.29275,9.8416e-05,7.528699885739343e-16,0.00011310036118598384,-0.28382,9.8695e-05,7.528699885739343e-16,0.00011298705349295661,-0.28615,9.825e-05,7.528699885739343e-16,0.00011232686352548466
-0.29076,0.00010069,0.010000000000000753,0.00011688341703933038,-0.28578,9.8847e-05,0.010000000000000753,0.00011405653314010728,-0.27682,9.8938e-05,0.010000000000000753,0.00011369278356415245,-0.2791,9.8066e-05,0.010000000000000753,0.00011284849049388119
-0.28348,0.0001013,0.020000000000000753,0.0001175068324678875,-0.2788,9.9335e-05,0.020000000000000753,0.00011427621253406004,-0.26979,9.9286e-05,0.020000000000000753,0.00011425745615227744,-0.27183,9.9007e-05,0.020000000000000753,0.00011354700429799427
-0.27611,0.00010225,0.030000000000000755,0.00011864087719298253,-0.2718,9.971e-05,0.030000000000000755,0.00011525693125442954,-0.26274,9.9507e-05,0.030000000000000755,0.0001148126860841425,-0.26478,9.9444e-05,0.030000000000000755,0.00011402581649151182
-0.26912,0.00010271,0.04000000000000076,0.00011956856588568872,-0.26508,9.9744e-05,0.04000000000000076,0.00011586683935629588,-0.25534,0.00010026,0.04000000000000076,0.00011559520166691471,-0.25768,9.9924e-05,0.04000000000000076,0.00011513512455997841
-0.26206,0.00010301,0.05000000000000076,0.00011991472457931832,-0.25802,0.0001003,0.05000000000000076,0.00011641008435900991,-0.24833,0.00010059,0.05000000000000076,0.00011574232453139971,-0.25067,0.0001002,0.05000000000000076,0.00011533944850406733
-0.25464,0.00010413,0.06000000000000076,0.00012042944730077125,-0.25102,0.0001007,0.06000000000000076,0.00011706940588403318,-0.24136,0.00010096,0.06000000000000076,0.00011642985468015389,-0.24373,0.00010031,0.06000000000000076,0.00011582603351955309
-0.24769,0.0001046,0.07000000000000076,0.00012121162393162397,-0.24406,0.00010083,0.07000000000000076,0.00011775291211131627,-0.2344,0.00010113,0.07000000000000076,0.0001166947925824176,-0.23638,0.00010104,0.07000000000000076,0.0001161453229461757
-0.24104,0.00010459,0.08000000000000075,0.0001218432352941177,-0.23703,0.00010142,0.08000000000000075,0.00011786385612153707,-0.22706,0.00010094,0.08000000000000075,0.00011763347174657532,-0.22941,0.00010115,0.08000000000000075,0.00011677188775510207
-0.23406,0.00010503,0.09000000000000075,0.00012386847457627123,-0.23011,0.00010138,0.09000000000000075,0.00011840880114958269,-0.21938,0.00010222,0.09000000000000075,0.00011821412679738576,-0.22235,0.0001015,0.09000000000000075,0.00011759229467939981
-0.22701,0.00010557,0.10000000000000074,0.0001239311752136752,-0.22304,0.00010189,0.10000000000000074,0.00011882748060902036,-0.21231,0.00010246,0.10000000000000074,0.00011860346568839013,-0.21531,0.00010189,0.10000000000000074,0.00011795448398576515
-0.21998,0.00010615,0.11000000000000074,0.00012336370157819233,-0.21598,0.00010215,0.11000000000000074,0.0001195183428571429,-0.20536,0.00010255,0.11000000000000074,0.00011901734693877559,-0.20831,0.00010205,0.11000000000000074,0.00011811252148997135
-0.21293,0.00010677,0.12000000000000073,0.00012355447154471555,-0.20897,0.00010277,0.12000000000000073,0.0001200759007092199,-0.1984,0.00010267,0.12000000000000073,0.00011964950354609931,-0.20136,0.00010218,0.12000000000000073,0.00011903408510638301
-0.206,0.00010682,0.13000000000000073,0.00012515446197991406,-0.20205,0.00010305,0.13000000000000073,0.00012059205382436264,-0.19105,0.00010336,0.13000000000000073,0.00012001467764060363,-0.19404,0.00010287,0.13000000000000073,0.00011933042918454936
-0.19901,0.00010731,0.14000000000000073,0.00012599973199329983,-0.19501,0.00010357,0.14000000000000073,0.00012127099137931035,-0.18404,0.00010326,0.14000000000000073,0.00012031846846846844,-0.18702,0.00010265,0.14000000000000073,0.00011946857758620692
-0.19202,0.00010776,0.15000000000000074,0.00012642580000000005,-0.18803,0.0001035,0.15000000000000074,0.00012156151428571433,-0.1767,0.00010406,0.15000000000000074,0.00012059607387140908,-0.18004,0.00010298,0.15000000000000074,0.00012000949784791966
-0.18539,0.00010767,0.16000000000000075,0.0001268044112478031,-0.18104,0.00010369,0.16000000000000075,0.00012189814814814817,-0.16961,0.00010424,0.16000000000000075,0.00012111805142083906,-0.17295,0.00010343,0.16000000000000075,0.0001202434757834758
-0.17832,0.00010801,0.17000000000000076,0.00012612801251956176,-0.17359,0.00010445,0.17000000000000076,0.0001221773371104816,-0.16232,0.00010476,0.17000000000000076,0.00012174635077793495,-0.16595,0.00010362,0.17000000000000076,0.00012102510000000001
-0.17128,0.00010823,0.18000000000000077,0.0001268854208273895,-0.16661,0.00010432,0.18000000000000077,0.0001224826829268293,-0.1553,0.00010491,0.18000000000000077,0.00012163427792915538,-0.15864,0.00010419,0.18000000000000077,0.00012117005730659028
-0.1643,0.00010843,0.19000000000000078,0.00012843001438848938,-0.15965,0.00010399,0.19000000000000078,0.00012281242857142862,-0.14831,0.00010514,0.19000000000000078,0.000122158,-0.15163,0.00010434,0.19000000000000078,0.00012127109352517985
-0.15731,0.00010861,0.2000000000000008,0.00012904547263681596,-0.15198,0.00010533,0.2000000000000008,0.00012313149659863947,-0.14129,0.00010535,0.2000000000000008,0.0001223489235127479,-0.14466,0.00010409,0.2000000000000008,0.00012159173913043486
-0.15031,0.00010877,0.2100000000000008,0.00012963731907894742,-0.14499,0.00010538,0.2100000000000008,0.00012393358974358977,-0.13427,0.00010548,0.2100000000000008,0.00012294773405698787,-0.1373,0.00010487,0.2100000000000008,0.0001221327118644068
-0.143,0.00010961,0.2200000000000008,0.00012978520572450803,-0.13799,0.00010565,0.2200000000000008,0.00012425257553956839,-0.12723,0.00010579,0.2200000000000008,0.000122904606060606,-0.13022,0.00010528,0.2200000000000008,0.0001223489033189033
-0.13627,0.00010939,0.23000000000000081,0.00012893961373390564,-0.13091,0.00010596,0.23000000000000081,0.00012457025641025637,-0.11993,0.00010655,0.23000000000000081,0.00012350848137535818,-0.12323,0.00010544,0.23000000000000081,0.00012230621428571429
-0.12888,0.0001101,0.24000000000000082,0.0001293438593974175,-0.12386,0.00010638,0.24000000000000082,0.0001247344520547946,-0.11298,0.00010681,0.24000000000000082,0.00012373786019971472,-0.11624,0.00010571,0.24000000000000082,0.00012283432239657636
-0.12192,0.00011029,0.25000000000000083,0.00013008312668463625,-0.11697,0.00010678,0.25000000000000083,0.00012478691505216094,-0.10626,0.00010667,0.25000000000000083,0.00012423052556818185,-0.10891,0.00010642,0.25000000000000083,0.00012319977464788734
-0.11528,0.00010998,0.26000000000000084,0.00013202620689655193,-0.10997,0.00010698,0.26000000000000084,0.00012535618025751074,-0.098942,0.00010741,0.26000000000000084,0.0001243362068965517,-0.10194,0.00010672,0.26000000000000084,0.00012337213161659516
-0.10794,0.00011041,0.27000000000000085,0.00013196056761268768,-0.10297,0.00010723,0.27000000000000085,0.00012571851002865335,-0.091896,0.00010782,0.27000000000000085,0.00012444657631954353,-0.094919,0.00010704,0.27000000000000085,0.00012354280000000003
-0.10097,0.0001107,0.28000000000000086,0.0001318612034383955,-0.095605,0.00010763,0.28000000000000086,0.00012632806590257882,-0.08486,0.0001081,0.28000000000000086,0.00012487380108991831,-0.087829,0.00010758,0.28000000000000086,0.00012417196452933158
-0.093926,0.00011126,0.29000000000000087,0.0001324430746268657,-0.088204,0.00010866,0.29000000000000087,0.00012685522662889525,-0.077872,0.00010841,0.29000000000000087,0.00012549980198019807,-0.080839,0.00010771,0.29000000000000087,0.000124237604871448
-0.086863,0.00011174,0.3000000000000009,0.0001329067045454546,-0.081191,0.00010878,0.3000000000000009,0.00012695476327116204,-0.070863,0.00010887,0.3000000000000009,0.00012571285100286534,-0.073902,0.00010796,0.3000000000000009,0.00012499427350427353
-0.079844,0.00011208,0.3100000000000009,0.00013481813333333337,-0.074211,0.00010902,0.3100000000000009,0.00012684103403141374,-0.063871,0.00010931,0.3100000000000009,0.00012596032998565284,-0.066552,0.00010865,0.3100000000000009,0.00012508890331890333
-0.073238,0.00011171,0.3200000000000009,0.0001352337190082645,-0.067222,0.00010917,0.3200000000000009,0.00012786877551020418,-0.056883,0.00010961,0.3200000000000009,0.00012686186513629843,-0.059564,0.00010892,0.3200000000000009,0.0001259865179856115
-0.065877,0.00011256,0.3300000000000009,0.0001360036633663367,-0.059912,0.00010998,0.3300000000000009,0.00012844774787535416,-0.049818,0.00011005,0.3300000000000009,0.00012710302687411602,-0.052507,0.00010903,0.3300000000000009,0.00012591007102272727
-0.058906,0.0001128,0.3400000000000009,0.0001360330858085807,-0.052847,0.00011016,0.3400000000000009,0.00012895051063829794,-0.042776,0.00011053,0.3400000000000009,0.0001276245544554456,-0.045145,0.00010993,0.3400000000000009,0.00012656334239130444
-0.051854,0.00011316,0.3500000000000009,0.00013597451936872318,-0.045847,0.00011051,0.3500000000000009,0.00012920326530612257,-0.035791,0.00011061,0.3500000000000009,0.00012798468660968665,-0.038108,0.00011032,0.3500000000000009,0.00012750596153846157
-0.044808,0.00011323,0.36000000000000093,0.00013727285714285742,-0.038786,0.00011108,0.36000000000000093,0.00013011463519313309,-0.028512,0.0001114,0.36000000000000093,0.00012872745205479461,-0.031169,0.00011047,0.36000000000000093,0.00012777997150997152
-0.037453,0.00011417,0.37000000000000094,0.00013880152317880795,-0.031834,0.0001115,0.37000000000000094,0.00013103179104477622,-0.021479,0.0001116,0.37000000000000094,0.00012947720733427369,-0.023802,0.0001113,0.37000000000000094,0.00012885350282485883
-0.030518,0.00011438,0.38000000000000095,0.00014004746924428825,-0.024882,0.00011181,0.38000000000000095,0.00013174209103840692,-0.014154,0.00011226,0.38000000000000095,0.00013022828125000007,-0.016851,0.00011143,0.38000000000000095,0.00012958345661450931
-0.023484,0.00011488,0.39000000000000096,0.00014080117647058825,-0.017847,0.0001125,0.39000000000000096,0.00013252004297994278,-0.0071074,0.00011254,0.39000000000000096,0.00013090859799713881,-0.0098234,0.00011165,0.39000000000000096,0.00013024397122302168
-0.016538,0.00011521,0.40000000000000097,0.00014155758333333343,-0.011162,0.00011244,0.40000000000000097,0.00013328312320916912,-7.0082e-05,0.00011298,0.40000000000000097,0.00013191430894308957,-0.0024057,0.00011232,0.40000000000000097,0.0001310493162393163
-0.0094771,0.00011582,0.410000000000001,0.00014242327402135232,-0.0040944,0.00011299,0.410000000000001,0.00013405278969957088,0.0072824,0.00011372,0.410000000000001,0.0001330368831168832,0.0046044,0.00011234,0.410000000000001,0.00013181748982360936
-0.0028017,0.00011594,0.420000000000001,0.00014341247135842895,0.0029546,0.00011318,0.420000000000001,0.00013473000000000014,0.014272,0.00011365,0.420000000000001,0.00013389254237288145,0.011926,0.00011303,0.420000000000001,0.00013299216101694925
0.0042732,0.00011667,0.430000000000001,0.00014425731793960928,0.010269,0.00011409,0.430000000000001,0.00013585753246753252,0.021627,0.00011443,0.430000000000001,0.00013473037356321845,0.019303,0.00011355,0.430000000000001,0.00013381798090040937
0.01125,0.00011693,0.440000000000001,0.00014501103690685416,0.016945,0.00011386,0.440000000000001,0.0001363591810344828,0.028626,0.00011462,0.440000000000001,0.00013534226361031524,0.026283,0.00011352,0.440000000000001,0.00013464483594864487
0.01828,0.0001173,0.450000000000001,0.00014549327731092426,0.024285,0.00011486,0.450000000000001,0.00013733061604584532,0.036042,0.00011566,0.450000000000001,0.00013584170000000004,0.033705,0.00011453,0.450000000000001,0.00013506453237410073
0.025598,0.00011818,0.460000000000001,0.00014547272727272734,0.03134,0.00011535,0.460000000000001,0.0001377607102272728,0.042761,0.00011555,0.460000000000001,0.00013661344262295093,0.041091,0.00011524,0.460000000000001,0.00013590932432432445
0.032666,0.00011892,0.47000000000000103,0.00014568206303724934,0.038385,0.00011586,0.47000000000000103,0.00013816457675753228,0.049741,0.00011572,0.47000000000000103,0.0001369370815450644,0.048127,0.0001152,0.47000000000000103,0.00013616260000000002
0.039713,0.00011956,0.48000000000000104,0.00014639458213256494,0.045469,0.00011589,0.48000000000000104,0.00013826522302158272,0.05705,0.00011635,0.48000000000000104,0.00013705204610951012,0.05538,0.00011574,0.48000000000000104,0.0001364050964187328
0.046414,0.00011976,0.49000000000000105,0.00014771595317725753,0.0527,0.00011672,0.49000000000000105,0.00013871251366120226,0.064069,0.00011654,0.49000000000000105,0.000136998755129959,0.062361,0.00011587,0.49000000000000105,0.0001362664131994261
0.053367,0.00012006,0.500000000000001,0.00014786215411558665,0.059684,0.00011705,0.500000000000001,0.00013841961702127655,0.071349,0.00011673,0.500000000000001,0.00013716151428571423,0.069338,0.00011609,0.500000000000001,0.00013645097826086962
0.060369,0.00012045,0.510000000000001,0.0001466069801980196,0.066686,0.00011748,0.510000000000001,0.00013843609756097566,0.078781,0.00011767,0.510000000000001,0.00013655252387448846,0.076398,0.00011668,0.510000000000001,0.00013636079320113311
0.06736,0.00012108,0.520000000000001,0.00014642605714285713,0.073729,0.00011806,0.520000000000001,0.00013824015691868758,0.085789,0.00011746,0.520000000000001,0.00013674804597701144,0.083454,0.00011686,0.520000000000001,0.00013605953296703298
0.07438,0.00012143,0.530000000000001,0.000146106108597285,0.080443,0.00011785,0.530000000000001,0.00013801292263610312,0.093439,0.00011883,0.530000000000001,0.00013631682719546738,0.090784,0.00011768,0.530000000000001,0.00013594068376068376
0.081452,0.00012195,0.540000000000001,0.00014579865671641794,0.087471,0.00011808,0.540000000000001,0.0001375358571428571,0.10039,0.00011859,0.540000000000001,0.00013643762711864406,0.097735,0.00011789,0.540000000000001,0.00013550564722617352
0.088485,0.00012381,0.550000000000001,0.00014596695345557117,0.094778,0.00011903,0.550000000000001,0.0001378203409090909,0.10738,0.00011875,0.550000000000001,0.00013583095238095224,0.10476,0.00011809,0.550000000000001,0.00013521021186440677
0.094444,0.00012404,0.560000000000001,0.0001456721408045977,0.10174,0.00011876,0.560000000000001,0.00013748011461318048,0.11473,0.0001195,0.560000000000001,0.00013587872919818445,0.11174,0.00011812,0.560000000000001,0.00013499652892561988
0.10006,0.00012393,0.5700000000000011,0.00014518512125534947,0.10906,0.00011947,0.5700000000000011,0.00013686842406876782,0.12178,0.0001197,0.5700000000000011,0.0001349338307030129,0.11911,0.000119,0.5700000000000011,0.00013493294452347076
0.10605,0.00012295,0.5800000000000011,0.0001448502586206896,0.11606,0.00011983,0.5800000000000011,0.0001364788130968622,0.12881,0.00011992,0.5800000000000011,0.00013470578347578346,0.12616,0.00011927,0.5800000000000011,0.00013422482758620682
0.11302,0.00012368,0.5900000000000011,0.00014455843031123145,0.12311,0.00012027,0.5900000000000011,0.00013649028368794324,0.1361,0.0001205,0.5900000000000011,0.00013425103225806455,0.13315,0.00011938,0.5900000000000011,0.00013394979919678721
0.11976,0.00012352,0.6000000000000011,0.00014479812765957444,0.13017,0.0001206,0.6000000000000011,0.00013619724137931032,0.14276,0.00012019,0.6000000000000011,0.00013456155525238747,0.14011,0.00011947,0.6000000000000011,0.0001343623287671233
0.12714,0.00012458,0.6100000000000011,0.0001444703597122302,0.13745,0.00012126,0.6100000000000011,0.0001360038857142857,0.15007,0.0001206,0.6100000000000011,0.0001342855420054201,0.14743,0.00011998,0.6100000000000011,0.00013400257467994307
0.13411,0.00012598,0.6200000000000011,0.00014407444921316163,0.14441,0.00012129,0.6200000000000011,0.00013599610315186245,0.15706,0.00012076,0.6200000000000011,0.0001344747194244604,0.1544,0.00012006,0.6200000000000011,0.0001337224246771879
0.14008,0.000126,0.6300000000000011,0.00014439902439024397,0.15141,0.00012163,0.6300000000000011,0.00013617106382978728,0.16445,0.00012166,0.6300000000000011,0.0001344261142857143,0.16142,0.00012029,0.6300000000000011,0.00013341210526315785
0.14606,0.00012615,0.6400000000000011,0.00014462532857142853,0.15843,0.00012184,0.6400000000000011,0.0001354473770491804,0.17152,0.00012177,0.6400000000000011,0.00013451194285714284,0.16881,0.00012102,0.6400000000000011,0.00013377057142857144
0.15206,0.00012657,0.6500000000000011,0.0001444874712643678,0.16545,0.0001221,0.6500000000000011,0.00013600017291066286,0.17846,0.0001215,0.6500000000000011,0.0001344450432276657,0.17581,0.00012105,0.6500000000000011,0.00013391356749311296
0.15808,0.00012699,0.6600000000000011,0.00014490158798283266,0.17251,0.00012222,0.6600000000000011,0.00013616928774928775,0.1858,0.00012214,0.6600000000000011,0.00013462527173913055,0.18279,0.00012125,0.6600000000000011,0.00013361119579500668
0.16377,0.00012644,0.6700000000000012,0.00014526860199714698,0.17948,0.00012247,0.6700000000000012,0.00013600273115220486,0.1928,0.00012217,0.6700000000000012,0.00013486621823617328,0.18981,0.00012127,0.6700000000000012,0.00013429621253406002
0.17016,0.00012612,0.6800000000000012,0.0001452593333333333,0.18645,0.00012264,0.6800000000000012,0.00013640720338983057,0.19979,0.00012234,0.6800000000000012,0.0001352876860622464,0.19676,0.00012131,0.6800000000000012,0.00013463980392156865
0.17712,0.00012668,0.6900000000000012,0.00014597446043165474,0.19345,0.00012298,0.6900000000000012,0.0001367207204610951,0.20685,0.00012264,0.6900000000000012,0.00013546273597811226,0.20412,0.00012195,0.6900000000000012,0.00013471759945130323
0.18413,0.00012718,0.7000000000000012,0.00014652859174964445,0.2008,0.00012315,0.7000000000000012,0.00013733157608695665,0.21422,0.00012336,0.7000000000000012,0.00013574037195994277,0.2112,0.00012217,0.7000000000000012,0.0001351817211948791
0.19108,0.00012866,0.7100000000000012,0.00014697818696883858,0.2082,0.00012389,0.7100000000000012,0.00013745083926031303,0.22082,0.00012284,0.7100000000000012,0.0001363655965909091,0.21822,0.00012239,0.7100000000000012,0.00013557092643051778
0.19709,0.00012892,0.7200000000000012,0.00014752215909090918,0.21522,0.00012406,0.7200000000000012,0.0001380570098730607,0.22812,0.00012346,0.7200000000000012,0.00013648743262411348,0.22515,0.00012223,0.7200000000000012,0.00013569915254237294
0.20312,0.00012918,0.7300000000000012,0.0001483973198847265,0.22217,0.00012434,0.7300000000000012,0.00013849005681818187,0.2351,0.00012364,0.7300000000000012,0.00013711174149659875,0.23215,0.00012234,0.7300000000000012,0.00013619568181818186
0.20915,0.00012958,0.7400000000000012,0.00014985444073455757,0.22913,0.0001246,0.7400000000000012,0.00013888097560975623,0.24211,0.00012378,0.7400000000000012,0.0001374289255014327,0.23945,0.00012281,0.7400000000000012,0.00013687148936170215
0.21523,0.00012999,0.7500000000000012,0.0001487311989100819,0.23615,0.00012436,0.7500000000000012,0.00013968097560975617,0.24915,0.00012421,0.7500000000000012,0.00013811897959183685,0.24646,0.00012312,0.7500000000000012,0.00013719944126074505
0.22082,0.00012975,0.7600000000000012,0.00014968692537313438,0.24345,0.00012507,0.7600000000000012,0.00013970570270270286,0.25619,0.00012438,0.7600000000000012,0.000138335560283688,0.25356,0.00012328,0.7600000000000012,0.00013753808450704227
0.22679,0.00012871,0.7700000000000012,0.00015025461979913945,0.25016,0.00012478,0.7700000000000012,0.00014048414772727276,0.26315,0.0001243,0.7700000000000012,0.00013891579161028427,0.26055,0.00012338,0.7700000000000012,0.00013793298630136996
0.23378,0.00012921,0.7800000000000012,0.00015182924369747897,0.25719,0.00012532,0.7800000000000012,0.00014066139568345327,0.27016,0.00012445,0.7800000000000012,0.00013924221582733816,0.26748,0.00012346,0.7800000000000012,0.00013823275466284075
0.24075,0.00012936,0.7900000000000013,0.0001506534763948499,0.26418,0.00012541,0.7900000000000013,0.00014112626248216842,0.27711,0.00012461,0.7900000000000013,0.00013969252032520335,0.27448,0.00012369,0.7900000000000013,0.00013862318507890963
0.24778,0.00012976,0.8000000000000013,0.0001512283072546231,0.27116,0.00012578,0.8000000000000013,0.00014190331444759218,0.28445,0.00012528,0.8000000000000013,0.00014005899004267426,0.28181,0.00012433,0.8000000000000013,0.0001389590431266847
0.2552,0.00013084,0.8100000000000013,0.00015164746835443044,0.27815,0.00012623,0.8100000000000013,0.00014193331521739143,0.29152,0.00012556,0.8100000000000013,0.00014039923728813566,0.28885,0.00012411,0.8100000000000013,0.00013937563093622805
0.26216,0.00013256,0.8200000000000013,0.0001519249354375897,0.28513,0.0001266,0.8200000000000013,0.00014242298701298703,0.29855,0.00012569,0.8200000000000013,0.0001409751724137932,0.29624,0.00012493,0.8200000000000013,0.0001398953669064748
0.26779,0.0001323,0.8300000000000013,0.00015357371266002878,0.29219,0.00012697,0.8300000000000013,0.00014294060085836915,0.30553,0.0001258,0.8300000000000013,0.00014142729850746263,0.30326,0.00012505,0.8300000000000013,0.00014041036734693888
0.27378,0.00013138,0.8400000000000013,0.00015415920265780732,0.29924,0.00012703,0.8400000000000013,0.00014307718349928876,0.3125,0.00012605,0.8400000000000013,0.00014164525606469018,0.31019,0.00012509,0.8400000000000013,0.00014075897289586307
0.28076,0.00013192,0.8500000000000013,0.0001546984293193717,0.30621,0.00012634,0.8500000000000013,0.00014405917789757431,0.31987,0.00012686,0.8500000000000013,0.0001423110042432815,0.31758,0.00012599,0.8500000000000013,0.00014096173483779976
0.28781,0.00013243,0.8600000000000013,0.00015386003344481584,0.31385,0.00012735,0.8600000000000013,0.0001444320231213873,0.32684,0.00012696,0.8600000000000013,0.00014258903597122306,0.32453,0.00012598,0.8600000000000013,0.0001415598853868195
0.29451,0.00013247,0.8700000000000013,0.00015441772532188855,0.3212,0.00012797,0.8700000000000013,0.00014474168831168837,0.33391,0.00012728,0.8700000000000013,0.000143167049180328,0.33157,0.00012589,0.8700000000000013,0.0001418947202295553
0.30155,0.00013303,0.8800000000000013,0.00015617998563218424,0.32823,0.00012836,0.8800000000000013,0.00014525445544554466,0.34098,0.00012768,0.8800000000000013,0.00014358410256410268,0.33898,0.00012644,0.8800000000000013,0.00014264214774281815
0.30848,0.00013477,0.8900000000000013,0.00015551901931649338,0.33529,0.00012871,0.8900000000000013,0.00014589321985815612,0.34795,0.0001279,0.8900000000000013,0.0001445397834912045,0.34634,0.00012733,0.8900000000000013,0.00014316659400544974
0.31448,0.00013496,0.9000000000000014,0.00015619785407725335,0.34234,0.00012907,0.9000000000000014,0.00014674340659340674,0.35497,0.00012819,0.9000000000000014,0.0001453159571428572,0.35362,0.00012768,0.9000000000000014,0.00014386769559032722
0.32053,0.00013526,0.9100000000000014,0.000157329914040115,0.34928,0.00012912,0.9100000000000014,0.00014776185979971398,0.36227,0.00012897,0.9100000000000014,0.0001460635816618912,0.36064,0.00012779,0.9100000000000014,0.00014457226158038166
0.32648,0.00013569,0.9200000000000014,0.00015895075376884429,0.35663,0.00012997,0.9200000000000014,0.00014858131805157605,0.36922,0.00012942,0.9200000000000014,0.00014684126436781623,0.36791,0.0001287,0.9200000000000014,0.00014573536023054765
0.33254,0.00013623,0.9300000000000014,0.00015995877887788794,0.36362,0.00013027,0.9300000000000014,0.0001495368571428573,0.37631,0.00012994,0.9300000000000014,0.0001477196428571429,0.37499,0.00012922,0.9300000000000014,0.00014646044096728317
0.33827,0.00013631,0.9400000000000014,0.00015912913544668605,0.37099,0.00013115,0.9400000000000014,0.0001507115112994352,0.38335,0.00013049,0.9400000000000014,0.00014867140921409234,0.38202,0.00012973,0.9400000000000014,0.00014746499314128962
0.34433,0.00013534,0.9500000000000014,0.00016074491156462613,0.37802,0.00013159,0.9500000000000014,0.00015181991404011481,0.39034,0.00013093,0.9500000000000014,0.00014970962962962978,0.38903,0.00013017,0.9500000000000014,0.00014858780000000013
0.3513,0.00013612,0.9600000000000014,0.0001631442953020134,0.38505,0.00013213,0.9600000000000014,0.00015323000000000018,0.39727,0.0001315,0.9600000000000014,0.0001509993989071041,0.39598,0.0001307,0.9600000000000014,0.0001496327755102044
0.35824,0.00013677,0.9700000000000014,0.0001633217313432837,0.39203,0.00013268,0.9700000000000014,0.00015462923404255342,0.40465,0.00013262,0.9700000000000014,0.00015258271692745396,0.403,0.00013131,0.9700000000000014,0.00015144671897289604
0.36524,0.00013877,0.9800000000000014,0.000166091225165563,0.399,0.00013319,0.9800000000000014,0.0001562901702127662,0.41158,0.00013316,0.9800000000000014,0.00015426181303116173,0.40994,0.00013181,0.9800000000000014,0.0001529257991513439
0.37128,0.00013881,0.9900000000000014,0.0001675732432432436,0.40598,0.00013384,0.9900000000000014,0.0001580934863701581,0.41862,0.00013376,0.9900000000000014,0.00015601525325615077,0.41731,0.00013273,0.9900000000000014,0.00015498775417298956
0.37768,0.00013997,1.0000000000000013,0.0001691411202635917,0.41297,0.00013421,1.0000000000000013,0.00016003522522522545,0.4257,0.00013444,1.0000000000000013,0.0001572846827794549,0.42439,0.00013342,1.0000000000000013,0.00015674375176304682
0.38337,0.00014016,1.0,0.00015962295302013435,0.42,0.00013473,1.0,0.00014992025824964145,0.43266,0.00013491,1.0,0.0001477085754985754,0.43172,0.00013394,1.0,0.00014743519258202573
0.38934,0.00014078,0.99,0.00013791391678622672,0.42742,0.00013569,0.99,0.00012975626248216824,0.43963,0.00013532,0.99,0.00012793649572649565,0.43899,0.00013458,0.99,0.00012669695054945055
0.39495,0.00014096,0.98,0.0001197693731343283,0.43435,0.00013614,0.98,0.00011230005681818177,0.44661,0.00013574,0.98,0.00011025000000000005,0.446,0.00013503,0.98,0.0001091363157894737
0.40095,0.00014167,0.97,0.0001040843897158321,0.44131,0.00013641,0.97,9.693546362339513e-05,0.45361,0.00013595,0.97,9.500415319148937e-05,0.45295,0.00013509,0.97,9.401491056910572e-05
0.40696,0.00014238,0.96,9.028075239398077e-05,0.44865,0.00013729,0.96,8.336489458689456e-05,0.46093,0.00013671,0.96,8.146043937232515e-05,0.46035,0.00013595,0.96,8.060406684856744e-05
0.41258,0.00014246,0.95,7.76448521870286e-05,0.45563,0.0001375,0.95,7.104793696275069e-05,0.46801,0.00013692,0.95,6.936158413132689e-05,0.46737,0.00013611,0.95,6.839549142857131e-05
0.4186,0.00014322,0.94,6.613241463414628e-05,0.46267,0.00013792,0.94,5.9750414184397116e-05,0.475,0.00013698,0.94,5.805737756497941e-05,0.47437,0.00013625,0.94,5.7150363636363574e-05
0.42471,0.00014406,0.9299999999999999,5.547829059829053e-05,0.46971,0.00013816,0.9299999999999999,4.947332011331437e-05,0.48194,0.00013708,0.9299999999999999,4.78230485714285e-05,0.48163,0.00013645,0.9299999999999999,4.705216477272718e-05
0.43034,0.00014427,0.9199999999999999,4.593732121212116e-05,0.47668,0.00013827,0.9199999999999999,4.001578205128202e-05,0.48892,0.00013695,0.9199999999999999,3.830752285714279e-05,0.48863,0.00013629,0.9199999999999999,3.7681709585121564e-05
0.4363,0.00014492,0.9099999999999999,3.6983756097560926e-05,0.48363,0.00013826,0.9099999999999999,3.1288606321839e-05,0.49623,0.00013728,0.9099999999999999,2.9689744252873502e-05,0.4956,0.00013617,0.9099999999999999,2.923807582260366e-05
0.44199,0.00014506,0.8999999999999999,2.853656753069571e-05,0.49095,0.00013878,0.8999999999999999,2.3205817790530744e-05,0.50323,0.00013706,0.8999999999999999,2.1697087769784085e-05,0.50296,0.00013664,0.8999999999999999,2.1180414937759256e-05
0.44795,0.0001457,0.8899999999999999,2.046688293370937e-05,0.49793,0.00013854,0.8899999999999999,1.5510633522727217e-05,0.50995,0.00013655,0.8899999999999999,1.4062784090909039e-05,0.51002,0.00013636,0.8899999999999999,1.3458945945945881e-05
0.4539,0.0001451,0.8799999999999999,1.3079271306818067e-05,0.50498,0.00013813,0.8799999999999999,8.459696566523542e-06,0.51728,0.00013692,0.8799999999999999,7.324412931034404e-06,0.51702,0.00013608,0.8799999999999999,6.327129700272408e-06
0.46061,0.00014551,0.8699999999999999,6.622989383070227e-06,0.51236,0.00013858,0.8699999999999999,1.87997363896843e-06,0.52424,0.00013648,0.8699999999999999,7.720833681460991e-07,0.5243,0.00013603,0.8699999999999999,-2.0435276478684646e-07
0.46732,0.00014554,0.8599999999999999,1.3233067047066563e-07,0.51931,0.00013825,0.8599999999999999,-4.1587611510791934e-06,0.5313,0.00013628,0.8599999999999999,-5.526851649928315e-06,0.53132,0.00013592,0.8599999999999999,-6.227024892086379e-06
0.4743,0.00014591,0.8499999999999999,-5.8978547249648395e-06,0.52632,0.00013815,0.8499999999999999,-9.958149506347024e-06,0.53856,0.00013646,0.8499999999999999,-1.0825489740420352e-05,0.53826,0.00013557,0.8499999999999999,-1.1743343441466939e-05
0.48124,0.0001465,0.8399999999999999,-1.1522545454545522e-05,0.5333,0.00013789,0.8399999999999999,-1.5439807965860672e-05,0.54564,0.00013635,0.8399999999999999,-1.665281250000007e-05,0.54529,0.00013531,0.8399999999999999,-1.7158963068181885e-05
0.48785,0.00014768,0.8299999999999998,-1.677507560627683e-05,0.5403,0.00013752,0.8299999999999998,-2.039724821683316e-05,0.55236,0.00013555,0.8299999999999998,-2.160915220483649e-05,0.55237,0.00013516,0.8299999999999998,-2.2026367847411503e-05
0.49383,0.00014778,0.8199999999999998,-2.149170285714295e-05,0.54768,0.00013785,0.8199999999999998,-2.4919935616438433e-05,0.55969,0.00013592,0.8199999999999998,-2.6197446351931392e-05,0.5594,0.00013498,0.8199999999999998,-2.647907913669072e-05
0.49986,0.00014787,0.8099999999999998,-2.598863098591555e-05,0.55472,0.00013776,0.8099999999999998,-2.938260511363643e-05,0.5663,0.00013504,0.8099999999999998,-3.0440272357723658e-05,0.56666,0.00013518,0.8099999999999998,-3.0501522598870128e-05
0.50557,0.00014755,0.7999999999999998,-3.022031908831916e-05,0.5617,0.00013739,0.7999999999999998,-3.346494908062241e-05,0.57327,0.00013484,0.7999999999999998,-3.468892231638425e-05,0.57369,0.00013466,0.7999999999999998,-3.446479863945584e-05
0.51163,0.00014626,0.7899999999999998,-3.406571959942783e-05,0.56868,0.00013698,0.7899999999999998,-3.7055554216867525e-05,0.58029,0.0001347,0.7899999999999998,-3.8013232383808163e-05,0.58065,0.00013418,0.7899999999999998,-3.813679142857148e-05
0.51862,0.00014643,0.7799999999999998,-3.763711965811971e-05,0.57566,0.00013639,0.7799999999999998,-4.070323265306131e-05,0.5873,0.00013415,0.7799999999999998,-4.1296154065620605e-05,0.58798,0.00013382,0.7799999999999998,-4.160291803278694e-05
0.52562,0.00014641,0.7699999999999998,-4.1267178717598984e-05,0.58299,0.00013654,0.7699999999999998,-4.3549090000000067e-05,0.59505,0.00013444,0.7699999999999998,-4.448378503401368e-05,0.59545,0.0001343,0.7699999999999998,-4.467018387553047e-05
0.53225,0.00014595,0.7599999999999998,-4.416144569816649e-05,0.59004,0.00013649,0.7599999999999998,-4.6980595430107605e-05,0.60238,0.00013462,0.7599999999999998,-4.746578714285721e-05,0.60275,0.0001344,0.7599999999999998,-4.76974261363637e-05
0.53923,0.00014576,0.7499999999999998,-4.750570395634391e-05,0.59712,0.00013628,0.7499999999999998,-4.990447058823536e-05,0.60935,0.00013426,0.7499999999999998,-5.011633285714291e-05,0.60971,0.00013401,0.7499999999999998,-5.028449287749293e-05
0.5466,0.00014613,0.7399999999999998,-5.047011371237465e-05,0.60408,0.00013608,0.7399999999999998,-5.2331794034090965e-05,0.61673,0.00013455,0.7399999999999998,-5.253615021459234e-05,0.61674,0.00013383,0.7399999999999998,-5.2910797704447677e-05
0.55369,0.00014579,0.7299999999999998,-5.188673109243698e-05,0.61108,0.00013599,0.7299999999999998,-5.4295285714285775e-05,0.62368,0.00013439,0.7299999999999998,-5.487264502164508e-05,0.62371,0.0001336,0.7299999999999998,-5.521164609053504e-05
0.56065,0.00014566,0.7199999999999998,-5.3999129032258154e-05,0.61806,0.00013601,0.7199999999999998,-5.672797450424935e-05,0.63068,0.00013443,0.7199999999999998,-5.7127668555240855e-05,0.63074,0.00013339,0.7199999999999998,-5.729549289772732e-05
0.56762,0.00014527,0.7099999999999997,-5.6408352238806014e-05,0.62504,0.00013596,0.7099999999999997,-5.89405823863637e-05,0.63778,0.00013455,0.7099999999999997,-5.930008559201146e-05,0.63815,0.00013376,0.7099999999999997,-5.930565340909096e-05
0.57463,0.00014502,0.6999999999999997,-5.836049643366625e-05,0.63209,0.00013626,0.6999999999999997,-6.080957142857147e-05,0.64478,0.00013443,0.6999999999999997,-6.1026553802008654e-05,0.64515,0.0001338,0.6999999999999997,-6.0978817438692146e-05
0.58159,0.0001448,0.6899999999999997,-6.087265417867442e-05,0.63882,0.00013537,0.6899999999999997,-6.271097704447637e-05,0.65172,0.00013445,0.6899999999999997,-6.307917723342944e-05,0.65241,0.00013397,0.6899999999999997,-6.300952682255852e-05
0.58862,0.00014448,0.6799999999999997,-6.293410163934432e-05,0.64614,0.00013585,0.6799999999999997,-6.416038461538468e-05,0.65869,0.00013449,0.6799999999999997,-6.453674468085112e-05,0.65945,0.00013357,0.6799999999999997,-6.458226694915257e-05
0.59601,0.0001449,0.6699999999999997,-6.432240243902442e-05,0.65308,0.00013612,0.6699999999999997,-6.596799715909095e-05,0.66605,0.00013525,0.6699999999999997,-6.614366666666673e-05,0.66706,0.00013414,0.6699999999999997,-6.581113623978208e-05
0.60306,0.00014472,0.6599999999999997,-6.525522591362128e-05,0.6601,0.00013617,0.6599999999999997,-6.716432618025754e-05,0.67274,0.0001346,0.6599999999999997,-6.762863797814214e-05,0.6744,0.00013453,0.6599999999999997,-6.742961714285717e-05
0.61001,0.00014447,0.6499999999999997,-6.593989531680453e-05,0.66706,0.00013594,0.6499999999999997,-6.853911338797821e-05,0.68013,0.0001353,0.6499999999999997,-6.922179656160463e-05,0.68154,0.00013467,0.6499999999999997,-6.884342524005492e-05
0.61701,0.00014416,0.6399999999999997,-6.767819649122802e-05,0.67409,0.00013609,0.6399999999999997,-7.011157510729617e-05,0.68715,0.00013526,0.6399999999999997,-7.023375248933144e-05,0.68852,0.00013461,0.6399999999999997,-6.994620170454549e-05
0.624,0.00014396,0.6299999999999997,-6.85735141242938e-05,0.68117,0.00013647,0.6299999999999997,-7.074686486486491e-05,0.69446,0.00013578,0.6299999999999997,-7.10293297150611e-05,0.69581,0.00013514,0.6299999999999997,-7.144610884353746e-05
0.63138,0.0001445,0.6199999999999997,-7.017444827586217e-05,0.68814,0.00013671,0.6199999999999997,-7.215105198358418e-05,0.70145,0.00013573,0.6199999999999997,-7.251135047361305e-05,0.70284,0.00013521,0.6199999999999997,-7.24852263374486e-05
0.63843,0.00014465,0.6099999999999997,-7.138682914572861e-05,0.69508,0.00013675,0.6099999999999997,-7.263944230769236e-05,0.70878,0.00013635,0.6099999999999997,-7.34023319027182e-05,0.71018,0.00013558,0.6099999999999997,-7.349269230769233e-05
0.64543,0.00014454,0.5999999999999996,-7.138296571428576e-05,0.70244,0.00013762,0.5999999999999996,-7.376816452074393e-05,0.71582,0.00013644,0.5999999999999996,-7.468382786885251e-05,0.71718,0.0001355,0.5999999999999996,-7.387807317073176e-05
0.65239,0.00014446,0.5899999999999996,-7.30450127659575e-05,0.70909,0.00013739,0.5899999999999996,-7.497780215343208e-05,0.72287,0.00013652,0.5899999999999996,-7.507549051490519e-05,0.72426,0.000136,0.5899999999999996,-7.49981060820368e-05
0.6597,0.00014489,0.5799999999999996,-7.473691117478522e-05,0.71612,0.00013786,0.5799999999999996,-7.583834339080463e-05,0.73022,0.00013713,0.5799999999999996,-7.598219373219374e-05,0.7313,0.00013624,0.5799999999999996,-7.586215646258508e-05
0.66669,0.00014516,0.5699999999999996,-7.566171428571424e-05,0.72321,0.00013822,0.5699999999999996,-7.648168085106384e-05,0.73717,0.00013736,0.5699999999999996,-7.711475510204087e-05,0.73852,0.00013684,0.5699999999999996,-7.672568119891013e-05
0.6737,0.00014539,0.5599999999999996,-7.533300000000002e-05,0.73025,0.0001385,0.5599999999999996,-7.689447066848573e-05,0.74415,0.00013753,0.5599999999999996,-7.766126217765045e-05,0.74557,0.00013699,0.5599999999999996,-7.748936034732273e-05
0.68045,0.00014525,0.5499999999999996,-7.652603125000011e-05,0.73718,0.00013856,0.5499999999999996,-7.828128010825447e-05,0.7515,0.00013827,0.5499999999999996,-7.83051009957326e-05,0.75255,0.00013732,0.5499999999999996,-7.825763122476451e-05
0.6878,0.00014587,0.5399999999999996,-7.759088925619828e-05,0.74456,0.0001394,0.5399999999999996,-7.872189269746645e-05,0.75854,0.00013829,0.5399999999999996,-7.884128307254625e-05,0.75959,0.00013753,0.5399999999999996,-7.90591650071124e-05
0.69475,0.0001462,0.5299999999999996,-7.802957857142861e-05,0.75153,0.00013976,0.5299999999999996,-7.970395415472784e-05,0.76559,0.00013851,0.5299999999999996,-7.937292857142858e-05,0.76669,0.00013767,0.5299999999999996,-7.921803999999999e-05
0.70178,0.00014664,0.5199999999999996,-7.885493400286946e-05,0.75823,0.0001395,0.5199999999999996,-8.044902145922749e-05,0.77298,0.00013919,0.5199999999999996,-8.04152015151515e-05,0.77399,0.00013825,0.5199999999999996,-8.021581395348842e-05
0.70874,0.00014693,0.5099999999999996,-8.053057355371903e-05,0.76563,0.00014036,0.5099999999999996,-8.114622354694486e-05,0.77993,0.00013924,0.5099999999999996,-8.067751886792459e-05,0.78096,0.00013823,0.5099999999999996,-8.107067994310102e-05
0.7158,0.0001472,0.49999999999999956,-7.986288656195451e-05,0.77267,0.00014056,0.49999999999999956,-8.128477163120568e-05,0.78688,0.00013946,0.49999999999999956,-8.143872765957448e-05,0.78798,0.0001386,0.49999999999999956,-8.151357082152976e-05
0.72284,0.00014774,0.48999999999999955,-8.01427478510029e-05,0.77967,0.00014065,0.48999999999999955,-8.206397799174696e-05,0.79426,0.00014001,0.48999999999999955,-8.188189115646261e-05,0.79495,0.00013868,0.48999999999999955,-8.185617167381977e-05
0.72988,0.00014837,0.47999999999999954,-8.097258620689658e-05,0.78662,0.00014089,0.47999999999999954,-8.255923959827834e-05,0.80129,0.00014007,0.47999999999999954,-8.261713013698634e-05,0.80237,0.00013909,0.47999999999999954,-8.255384153005469e-05
0.73682,0.00014995,0.46999999999999953,-8.120138692098101e-05,0.79363,0.00014138,0.46999999999999953,-8.3483950617284e-05,0.80835,0.00014032,0.46999999999999953,-8.292137466307282e-05,0.80941,0.00013933,0.46999999999999953,-8.299350067659004e-05
0.74281,0.00014977,0.4599999999999995,-8.31399729729731e-05,0.80069,0.00014196,0.4599999999999995,-8.402759432624116e-05,0.81543,0.00014066,0.4599999999999995,-8.372239316239317e-05,0.81678,0.0001399,0.4599999999999995,-8.376826912181304e-05
0.74884,0.00014857,0.4499999999999995,-8.380803161397662e-05,0.80742,0.00014173,0.4499999999999995,-8.457855603448278e-05,0.82268,0.00014116,0.4499999999999995,-8.394056571428573e-05,0.82373,0.00013989,0.4499999999999995,-8.403339315068497e-05
0.75618,0.00014959,0.4399999999999995,-8.298414040114616e-05,0.81478,0.00014231,0.4399999999999995,-8.487445636623751e-05,0.82963,0.00014144,0.4399999999999995,-8.46173456790124e-05,0.83108,0.0001405,0.4399999999999995,-8.469780626780627e-05
0.76288,0.00014976,0.4299999999999995,-8.363656428571433e-05,0.82171,0.00014246,0.4299999999999995,-8.555871633237826e-05,0.83633,0.00014121,0.4299999999999995,-8.515036585365854e-05,0.8381,0.00014074,0.4299999999999995,-8.456062680115273e-05
0.76998,0.00015025,0.4199999999999995,-8.504307681940714e-05,0.82871,0.0001429,0.4199999999999995,-8.625429545454549e-05,0.84375,0.00014209,0.4199999999999995,-8.552909142857142e-05,0.84511,0.00014081,0.4199999999999995,-8.55261782178218e-05
0.77695,0.00015186,0.4099999999999995,-8.49123391304348e-05,0.8357,0.00014312,0.4099999999999995,-8.611387070151311e-05,0.85082,0.00014234,0.4099999999999995,-8.591437517053212e-05,0.8522,0.00014103,0.4099999999999995,-8.615063424657539e-05
0.7829,0.0001518,0.39999999999999947,-8.532881081081083e-05,0.84273,0.00014305,0.39999999999999947,-8.66642574257426e-05,0.85787,0.00014254,0.39999999999999947,-8.668617329545458e-05,0.85954,0.00014155,0.39999999999999947,-8.655822222222224e-05
0.78893,0.00015058,0.38999999999999946,-8.576142528735634e-05,0.85015,0.00014408,0.38999999999999946,-8.719810792349732e-05,0.86482,0.0001427,0.38999999999999946,-8.692734149855908e-05,0.86652,0.0001417,0.38999999999999946,-8.696803983516488e-05
0.79592,0.00015106,0.37999999999999945,-8.667725531914899e-05,0.85723,0.0001444,0.37999999999999945,-8.797936827195473e-05,0.87214,0.00014336,0.37999999999999945,-8.768866350067849e-05,0.87349,0.00014209,0.37999999999999945,-8.743728530670472e-05
0.80295,0.00015135,0.36999999999999944,-8.787376716417919e-05,0.86415,0.00014448,0.36999999999999944,-8.85993247126437e-05,0.8791,0.00014352,0.36999999999999944,-8.840592439372329e-05,0.8808,0.00014271,0.36999999999999944,-8.813418918918921e-05
0.81006,0.00015165,0.35999999999999943,-8.669071761658043e-05,0.87108,0.00014479,0.35999999999999943,-8.887222571428571e-05,0.88612,0.00014402,0.35999999999999943,-8.887987179487181e-05,0.88784,0.00014294,0.35999999999999943,-8.855375466284077e-05
0.81704,0.00015184,0.3499999999999994,-8.800049423631126e-05,0.87806,0.00014512,0.3499999999999994,-8.952987585266037e-05,0.89351,0.00014501,0.3499999999999994,-8.935550502152083e-05,0.89518,0.00014371,0.3499999999999994,-8.9143275862069e-05
0.82401,0.00015204,0.3399999999999994,-8.889101091405192e-05,0.88513,0.00014561,0.3399999999999994,-9.007662322946178e-05,0.90051,0.00014534,0.3399999999999994,-8.984888401697316e-05,0.90221,0.00014394,0.3399999999999994,-8.968949008498589e-05
0.83104,0.00015384,0.3299999999999994,-9.040429139072834e-05,0.89218,0.00014602,0.3299999999999994,-9.101862734584459e-05,0.90748,0.00014593,0.3299999999999994,-9.065947100424333e-05,0.90948,0.0001445,0.3299999999999994,-9.081750270270278e-05
0.83703,0.0001541,0.3199999999999994,-9.0409534883721e-05,0.8992,0.00014665,0.3199999999999994,-9.173894586894589e-05,0.91446,0.0001463,0.3199999999999994,-9.144506403269762e-05,0.91682,0.00014552,0.3199999999999994,-9.143526562500003e-05
0.84305,0.00015422,0.3099999999999994,-9.173259077809812e-05,0.90648,0.0001475,0.3099999999999994,-9.238491012838807e-05,0.92142,0.00014698,0.3099999999999994,-9.233223672883792e-05,0.92376,0.00014599,0.3099999999999994,-9.197519236016374e-05
0.8491,0.0001547,0.2999999999999994,-9.189433111480854e-05,0.91347,0.00014802,0.2999999999999994,-9.310106609195406e-05,0.92844,0.00014765,0.2999999999999994,-9.278415332428774e-05,0.93079,0.00014652,0.2999999999999994,-9.294146099290783e-05
0.85483,0.00015469,0.28999999999999937,-9.278104971590916e-05,0.92045,0.00014862,0.28999999999999937,-9.404465811965817e-05,0.93516,0.00014795,0.28999999999999937,-9.406831250000006e-05,0.93788,0.00014718,0.28999999999999937,-9.368483711048165e-05
0.86081,0.00015373,0.27999999999999936,-9.3539358974359e-05,0.92749,0.00014925,0.27999999999999936,-9.479824786324791e-05,0.94254,0.00014905,0.27999999999999936,-9.464406000000003e-05,0.94517,0.00014816,0.27999999999999936,-9.460216500711243e-05
0.8678,0.00015421,0.26999999999999935,-9.459838880918238e-05,0.93449,0.00015005,0.26999999999999935,-9.554376614060265e-05,0.94948,0.00014966,0.26999999999999935,-9.538220630372497e-05,0.95217,0.00014878,0.26999999999999935,-9.514046000000003e-05
0.87479,0.00015487,0.25999999999999934,-9.638069849246235e-05,0.94157,0.0001509,0.25999999999999934,-9.644312374100724e-05,0.9565,0.00015033,0.25999999999999934,-9.63097802197803e-05,0.95917,0.00014946,0.25999999999999934,-9.602971664374149e-05
0.88175,0.00015662,0.24999999999999933,-9.594214957264965e-05,0.94852,0.00015161,0.24999999999999933,-9.736559375000004e-05,0.96382,0.00015173,0.24999999999999933,-9.70393516949153e-05,0.96652,0.00015099,0.24999999999999933,-9.673146756756764e-05
0.88747,0.00015541,0.23999999999999932,-9.682447301136369e-05,0.9555,0.0001526,0.23999999999999932,-9.795186513629845e-05,0.97085,0.0001527,0.23999999999999932,-9.794101226158047e-05,0.97353,0.00015191,0.23999999999999932,-9.757112750716335e-05
0.8942,0.0001557,0.22999999999999932,-9.867415912897826e-05,0.9625,0.00015358,0.22999999999999932,-9.869122111269621e-05,0.9779,0.00015389,0.22999999999999932,-9.823093965517245e-05,0.9806,0.00015302,0.22999999999999932,-9.801586571428576e-05
0.90119,0.0001563,0.2199999999999993,-9.92167926421405e-05,0.96951,0.00015455,0.2199999999999993,-9.896805362318836e-05,0.98496,0.00015514,0.2199999999999993,-9.894272627235222e-05,0.98792,0.00015471,0.2199999999999993,-9.845640384615391e-05
0.9081,0.00015681,0.2099999999999993,-9.841445544554443e-05,0.97656,0.00015569,0.2099999999999993,-9.933910690121795e-05,0.99187,0.00015634,0.2099999999999993,-9.935568107302533e-05,0.99451,0.00015559,0.2099999999999993,-9.911189331436703e-05
0.91508,0.00015872,0.1999999999999993,-9.845659058487878e-05,0.98361,0.00015692,0.1999999999999993,-9.996646065808302e-05,0.99919,0.00015808,0.1999999999999993,-9.990942613636366e-05,1.0016,0.00015708,0.1999999999999993,-9.960633152173919e-05
0.92105,0.000159,0.18999999999999928,-9.899143266475648e-05,0.99058,0.0001582,0.18999999999999928,-0.00010033394285714285,1.0025,0.00015483,0.18999999999999928,-0.00010062744855967086,1.0002,0.00014787,0.18999999999999928,-0.00010009697547683924
0.92707,0.00015963,0.17999999999999927,-9.992709016393451e-05,0.99754,0.00015964,0.17999999999999927,-0.00010108914285714294,0.99555,0.00013891,0.17999999999999927,-0.00010070654676258995,0.99319,0.00013263,0.17999999999999927,-0.00010069879781420771
0.93313,0.00016031,0.16999999999999926,-0.00010104980230642491,1.0042,0.00016071,0.16999999999999926,-0.00010135816500711241,0.98853,0.00012503,0.16999999999999926,-0.00010099237960339945,0.98591,0.00011909,0.16999999999999926,-0.0001009715789473685
0.93885,0.00015898,0.15999999999999925,-0.00010087123931623937,0.9972,0.00014426,0.15999999999999925,-0.00010179384068278808,0.98152,0.00011265,0.15999999999999925,-0.00010187885869565225,0.97888,0.00010725,0.15999999999999925,-0.00010144128895184134
0.94579,0.00015988,0.14999999999999925,-0.00010203125534950089,0.99023,0.00013017,0.14999999999999925,-0.0001027467140825036,0.97449,0.00010155,0.14999999999999925,-0.0001025899285714286,0.97147,9.6051e-05,0.14999999999999925,-0.00010220504978662873
0.95314,0.00016139,0.13999999999999924,-0.00010220268781302155,0.98322,0.00011756,0.13999999999999924,-0.00010348575107296144,0.96744,9.1272e-05,0.13999999999999924,-0.00010324448424068774,0.96409,8.5829e-05,0.13999999999999924,-0.00010274166666666679
0.9598,0.00016315,0.12999999999999923,-0.00010305207092198588,0.97618,0.00010606,0.12999999999999923,-0.00010399430397727279,0.96047,8.2041e-05,0.12999999999999923,-0.00010358945504087205,0.95676,7.6465e-05,0.12999999999999923,-0.0001037943472022956
0.96576,0.00016298,0.11999999999999923,-0.00010492855319148959,0.96917,9.571e-05,0.11999999999999923,-0.0001049794972826088,0.95346,7.3382e-05,0.11999999999999923,-0.00010444585692995529,0.94976,6.8109e-05,0.11999999999999923,-0.0001043998775510205
0.97246,0.00016352,0.10999999999999924,-0.00010487289398280809,0.96214,8.6078e-05,0.10999999999999924,-0.00010575578241430704,0.94615,6.4888e-05,0.10999999999999924,-0.00010546507913669067,0.94252,5.9762e-05,0.10999999999999924,-0.00010503703546099291
0.97954,0.00016606,0.09999999999999924,-0.00010573169054441268,0.95512,7.7178e-05,0.09999999999999924,-0.00010630066967336351,0.93884,5.6769e-05,0.09999999999999924,-0.00010599223929435204,0.93548,5.2466e-05,0.09999999999999924,-0.00010613533371363379
0.98558,0.00016647,0.08999999999999925,-0.00010756299663299642,0.94814,6.8821e-05,0.08999999999999925,-0.00010745089020343393,0.93174,4.9528e-05,0.08999999999999925,-0.00010733122412611389,0.92844,4.5511e-05,0.08999999999999925,-0.00010669686597938153
0.99187,0.00016804,0.07999999999999925,-0.00010702448080043276,0.94121,6.1021e-05,0.07999999999999925,-0.00010781786789637875,0.92474,4.2669e-05,0.07999999999999925,-0.00010791091654247392,0.92109,3.8627e-05,0.07999999999999925,-0.0001078905372851537
0.99783,0.00016873,0.06999999999999926,-0.00010808594462774371,0.93416,5.3618e-05,0.06999999999999926,-0.00010874895797842143,0.91774,3.6228e-05,0.06999999999999926,-0.00010861542776050826,0.9141,3.2565e-05,0.06999999999999926,-0.00010834894772945542
1.0039,0.00016988,0.059999999999999255,-0.00010857207983193254,0.9271,4.6584e-05,0.059999999999999255,-0.00010948756435926779,0.91074,3.0281e-05,0.059999999999999255,-0.00010909216905444124,0.90711,2.6893e-05,0.059999999999999255,-0.00010893533361908846
0.99879,0.00015687,0.04999999999999925,-0.0001084438847736626,0.92009,4.0096e-05,0.04999999999999925,-0.00010982392548906792,0.90378,2.472e-05,0.04999999999999925,-0.00010929397262149219,0.89988,2.1084e-05,0.04999999999999925,-0.00010861338461538473
0.99283,0.00014331,0.03999999999999925,-0.00010933692931477235,0.91307,3.3839e-05,0.03999999999999925,-0.0001102264931390579,0.89683,1.9162e-05,0.03999999999999925,-0.00010969176834184367,0.89247,1.5241e-05,0.03999999999999925,-0.00010988243461049064
0.98586,0.00013002,0.02999999999999925,-0.00010986972032935834,0.90611,2.8057e-05,0.02999999999999925,-0.00011054736179838826,0.88979,1.3906e-05,0.02999999999999925,-0.00011038637623762373,0.88544,1.0169e-05,0.02999999999999925,-0.00011023130802878512
0.97916,0.0001183,0.019999999999999248,-0.00011153317948717953,0.89914,2.2523e-05,0.019999999999999248,-0.00011082076614635545,0.88273,8.9388e-06,0.019999999999999248,-0.0001106048144104804,0.8781,4.9853e-06,0.019999999999999248,-0.00011084682258984595
0.97213,0.00010712,0.009999999999999247,-0.00011051188931270654,0.89211,1.7023e-05,0.009999999999999247,-0.00011156706749858197,0.87577,4.823e-06,0.009999999999999247,-0.0001115668894344686,0.87108,4.7206e-07,0.009999999999999247,-0.00011120478948192217
0.96474,9.6588e-05,-7.528699885739343e-16,-0.00011107102103730771,0.88507,1.1977e-05,-7.528699885739343e-16,-0.00011187048747975407,0.86811,-5.5482e-07,-7.528699885739343e-16,-0.00011197248716665479,0.86381,-4.0812e-06,-7.528699885739343e-16,-0.00011154115338142713
0.95743,8.6861e-05,-0.010000000000000753,-0.00011153352021007755,0.87808,7.1277e-06,-0.010000000000000753,-0.00011245231881402989,0.86078,-5.1686e-06,-0.010000000000000753,-0.00011245579784454147,0.85686,-7.9955e-06,-0.010000000000000753,-0.00011204604705416601
0.95043,7.8146e-05,-0.020000000000000753,-0.00011207313267813277,0.87108,2.5488e-06,-0.020000000000000753,-0.00011297904172006267,0.85381,-8.3699e-06,-0.020000000000000753,-0.00011278752947943632,0.84977,-1.1869e-05,-0.020000000000000753,-0.00011241908730158737
0.9438,7.0419e-05,-0.030000000000000755,-0.0001138333023055995,0.8641,-1.7738e-06,-0.030000000000000755,-0.00011330074509242014,0.84572,-1.3584e-05,-0.030000000000000755,-0.00011314988091862775,0.84238,-1.6043e-05,-0.030000000000000755,-0.00011280709664209672
0.93642,6.2094e-05,-0.04000000000000076,-0.00011368873563218376,0.85715,-5.8166e-06,-0.04000000000000076,-0.0001136204264118654,0.83868,-1.7361e-05,-0.04000000000000076,-0.0001133397821413215,0.83534,-1.9344e-05,-0.04000000000000076,-0.00011348465586464009
0.9294,5.486e-05,-0.05000000000000076,-0.00011339121621621628,0.8501,-9.902e-06,-0.05000000000000076,-0.0001142254428494042,0.8317,-2.0808e-05,-0.05000000000000076,-0.00011394516984707005,0.828,-2.3031e-05,-0.05000000000000076,-0.00011377457045647863
0.92236,4.8032e-05,-0.06000000000000076,-0.00011385871728871731,0.84301,-1.3883e-05,-0.06000000000000076,-0.00011475448612684034,0.82467,-2.4121e-05,-0.06000000000000076,-0.00011492704744159382,0.82101,-2.6062e-05,-0.06000000000000076,-0.00011393706572129814
0.91576,4.2174e-05,-0.07000000000000076,-0.00011425917441694095,0.83598,-1.7519e-05,-0.07000000000000076,-0.00011515641108610021,0.81768,-2.7229e-05,-0.07000000000000076,-0.0001152084316526211,0.81406,-2.8932e-05,-0.07000000000000076,-0.00011479327657237028
0.90838,3.5524e-05,-0.08000000000000075,-0.00011596126419505677,0.82897,-2.0893e-05,-0.08000000000000075,-0.00011571654794520553,0.81069,-3.0138e-05,-0.08000000000000075,-0.00011503895387398248,0.80698,-3.1669e-05,-0.08000000000000075,-0.00011523740687679085
0.90145,2.9748e-05,-0.09000000000000075,-0.00011543924949290055,0.82199,-2.3983e-05,-0.09000000000000075,-0.00011630380228136888,0.80331,-3.3371e-05,-0.09000000000000075,-0.00011594164945536848,0.79963,-3.4613e-05,-0.09000000000000075,-0.000115653004484305
0.89412,2.3624e-05,-0.10000000000000074,-0.00011581782567180475,0.81469,-2.742e-05,-0.10000000000000074,-0.00011701811417211025,0.79623,-3.619e-05,-0.10000000000000074,-0.00011641700299972739,0.79226,-3.7401e-05,-0.10000000000000074,-0.00011610390057901429
0.88703,1.8191e-05,-0.11000000000000074,-0.00011743489361702145,0.80765,-3.0366e-05,-0.11000000000000074,-0.00011715629427792919,0.78956,-3.8142e-05,-0.11000000000000074,-0.0001160121652065083,0.78526,-3.968e-05,-0.11000000000000074,-0.00011676723252496436
0.87999,1.3072e-05,-0.12000000000000073,-0.00011809673758865225,0.80062,-3.3223e-05,-0.12000000000000073,-0.00011760609890109892,0.78258,-4.057e-05,-0.12000000000000073,-0.00011765773314203733,0.77794,-4.2356e-05,-0.12000000000000073,-0.0001172876470588236
0.87307,8.621e-06,-0.13000000000000073,-0.00011719963068181825,0.79355,-3.5982e-05,-0.13000000000000073,-0.00011809971428571433,0.77557,-4.2543e-05,-0.13000000000000073,-0.00011826938608458396,0.77096,-4.4372e-05,-0.13000000000000073,-0.00011759654939106909
0.8661,4.0848e-06,-0.14000000000000073,-0.00011789262872628736,0.78691,-3.799e-05,-0.14000000000000073,-0.00011865601085481692,0.76822,-4.5104e-05,-0.14000000000000073,-0.00011842242876526468,0.76389,-4.6568e-05,-0.14000000000000073,-0.00011845780141843974
0.85909,-4.573e-07,-0.15000000000000074,-0.00011961062767475054,0.77956,-4.0876e-05,-0.15000000000000074,-0.00011949436519258204,0.76117,-4.7131e-05,-0.15000000000000074,-0.00011933114777618368,0.75685,-4.8612e-05,-0.15000000000000074,-0.00011872048850574714
0.85213,-4.6733e-06,-0.16000000000000075,-0.00011905158850226925,0.77293,-4.2632e-05,-0.16000000000000075,-0.0001197390517241379,0.75417,-4.9134e-05,-0.16000000000000075,-0.00011956150214592275,0.74983,-5.0326e-05,-0.16000000000000075,-0.00011861975308641979
0.84504,-8.7494e-06,-0.17000000000000076,-0.00011903659513590848,0.76593,-4.4823e-05,-0.17000000000000076,-0.0001197002439024391,0.74717,-5.0783e-05,-0.17000000000000076,-0.00011957553802008608,0.74249,-5.2371e-05,-0.17000000000000076,-0.00011922893442622957
0.838,-1.2623e-05,-0.18000000000000077,-0.00011927059574468087,0.75849,-4.753e-05,-0.18000000000000077,-0.00012056409214092147,0.74016,-5.2499e-05,-0.18000000000000077,-0.00011976787835926452,0.73552,-5.3882e-05,-0.18000000000000077,-0.00011962920341394024
0.83099,-1.6299e-05,-0.19000000000000078,-0.00011950620343839542,0.75146,-4.9518e-05,-0.19000000000000078,-0.00012065954545454547,0.73317,-5.4122e-05,-0.19000000000000078,-0.00012029310344827583,0.72823,-5.5638e-05,-0.19000000000000078,-0.00011951864197530866
0.82398,-1.967e-05,-0.2000000000000008,-0.00012007584931506856,0.74449,-5.1363e-05,-0.2000000000000008,-0.00012077777618364419,0.72624,-5.5763e-05,-0.2000000000000008,-0.00012016958748221906,0.72117,-5.7059e-05,-0.2000000000000008,-0.00011972705128205129
0.81698,-2.2874e-05,-0.2100000000000008,-0.00012003982733812948,0.73745,-5.2882e-05,-0.2100000000000008,-0.00012071897142857142,0.71918,-5.7307e-05,-0.2100000000000008,-0.00011994014347202297,0.71413,-5.8482e-05,-0.2100000000000008,-0.00011989459227467806
0.81002,-2.598e-05,-0.2200000000000008,-0.00012000289361702128,0.73051,-5.4169e-05,-0.2200000000000008,-0.00012067148514851485,0.71209,-5.8928e-05,-0.2200000000000008,-0.00012025728997289979,0.70709,-5.9886e-05,-0.2200000000000008,-0.0001194533333333333
0.80292,-2.9044e-05,-0.23000000000000081,-0.00012017,0.72316,-5.5989e-05,-0.23000000000000081,-0.00012051455840455838,0.70508,-6.0176e-05,-0.23000000000000081,-0.00012022542372881353,0.7001,-6.0958e-05,-0.23000000000000081,-0.0001198643515850144
0.7959,-3.1872e-05,-0.24000000000000082,-0.00012011455587392548,0.7161,-5.764e-05,-0.24000000000000082,-0.00012025758226037194,0.69811,-6.1343e-05,-0.24000000000000082,-0.0001198855793991416,0.69276,-6.2486e-05,-0.24000000000000082,-0.00011964435897435895
0.78891,-3.4471e-05,-0.25000000000000083,-0.00012008041666666667,0.70906,-5.9141e-05,-0.25000000000000083,-0.00012042589041095895,0.69075,-6.2971e-05,-0.25000000000000083,-0.00012003874316939895,0.68549,-6.3865e-05,-0.25000000000000083,-0.00011972338820301785
0.78192,-3.6987e-05,-0.26000000000000084,-0.00012018433427762042,0.70205,-6.0423e-05,-0.26000000000000084,-0.00012000373983739844,0.68381,-6.3972e-05,-0.26000000000000084,-0.00012018143864598024,0.67841,-6.479e-05,-0.26000000000000084,-0.00011958688385269121
0.7749,-3.9364e-05,-0.27000000000000085,-0.00012042321529745045,0.69505,-6.1743e-05,-0.27000000000000085,-0.00012051917613636365,0.67676,-6.5017e-05,-0.27000000000000085,-0.00012002965811965811,0.67138,-6.5531e-05,-0.27000000000000085,-0.00011953
0.76757,-4.2211e-05,-0.28000000000000086,-0.0001202946723646724,0.68808,-6.3079e-05,-0.28000000000000086,-0.00012048099999999999,0.66971,-6.6192e-05,-0.28000000000000086,-0.00012018429184549359,0.66404,-6.7021e-05,-0.28000000000000086,-0.00011974821529745042
0.76085,-4.3955e-05,-0.29000000000000087,-0.0001206027467811159,0.68111,-6.3927e-05,-0.29000000000000087,-0.00012035393442622957,0.66271,-6.7107e-05,-0.29000000000000087,-0.00012000065997130551,0.65704,-6.7729e-05,-0.29000000000000087,-0.00011977241426611801
0.75376,-4.5677e-05,-0.3000000000000009,-0.00012110982954545474,0.6737,-6.5485e-05,-0.3000000000000009,-0.00012059155619596541,0.65539,-6.8516e-05,-0.3000000000000009,-0.00012007189631650756,0.64975,-6.8883e-05,-0.3000000000000009,-0.0001196943902439024
0.74643,-4.9242e-05,-0.3100000000000009,-0.000122145440140845,0.66666,-6.6404e-05,-0.3100000000000009,-0.00012120889674681756,0.64841,-6.943e-05,-0.3100000000000009,-0.00012073082432432442,0.64279,-6.9603e-05,-0.3100000000000009,-0.00012032225371120114
0.74077,-5.0278e-05,-0.3200000000000009,-0.00012106839311334293,0.65967,-6.7202e-05,-0.3200000000000009,-0.00012148047619047622,0.64144,-7.0168e-05,-0.3200000000000009,-0.00012097154078549842,0.63575,-7.0469e-05,-0.3200000000000009,-0.00012065083213773313
0.73479,-5.177e-05,-0.3300000000000009,-0.00012140710000000002,0.65269,-6.8025e-05,-0.3300000000000009,-0.00012175191919191916,0.63441,-7.0489e-05,-0.3300000000000009,-0.00012101020632737284,0.6284,-7.1718e-05,-0.3300000000000009,-0.00012080302613480056
0.72884,-5.1915e-05,-0.3400000000000009,-0.0001217624539007093,0.64537,-6.9424e-05,-0.3400000000000009,-0.00012187878048780499,0.62704,-7.1392e-05,-0.3400000000000009,-0.00012157157142857144,0.62134,-7.2322e-05,-0.3400000000000009,-0.00012099726027397264
0.72218,-5.3317e-05,-0.3500000000000009,-0.00012250024045261674,0.63838,-7.0319e-05,-0.3500000000000009,-0.00012228783783783782,0.61965,-7.2567e-05,-0.3500000000000009,-0.0001219551549295775,0.61405,-7.321e-05,-0.3500000000000009,-0.00012126601694915256
0.71474,-5.5645e-05,-0.36000000000000093,-0.0001228013333333334,0.63166,-7.0536e-05,-0.36000000000000093,-0.00012293682857142862,0.61268,-7.3142e-05,-0.36000000000000093,-0.00012249824175824186,0.60703,-7.37e-05,-0.36000000000000093,-0.00012171820916905438
0.70804,-5.6724e-05,-0.37000000000000094,-0.00012405311239193105,0.62463,-7.1429e-05,-0.37000000000000094,-0.0001232760597439545,0.60569,-7.3821e-05,-0.37000000000000094,-0.00012302148148148152,0.60007,-7.3868e-05,-0.37000000000000094,-0.00012200220338983065
0.70106,-5.8124e-05,-0.38000000000000095,-0.00012438858333333312,0.61732,-7.2569e-05,-0.38000000000000095,-0.0001234339024390244,0.59837,-7.4931e-05,-0.38000000000000095,-0.00012323684931506856,0.59269,-7.493e-05,-0.38000000000000095,-0.00012245022988505746
0.69405,-5.9688e-05,-0.39000000000000096,-0.00012358523537803144,0.61063,-7.2542e-05,-0.39000000000000096,-0.0001236552556818182,0.59166,-7.4878e-05,-0.39000000000000096,-0.00012387929278642152,0.58562,-7.5109e-05,-0.39000000000000096,-0.00012287533152909348
0.68711,-6.1718e-05,-0.40000000000000097,-0.00012416811510791373,0.60335,-7.3668e-05,-0.40000000000000097,-0.00012447611940298519,0.58428,-7.5756e-05,-0.40000000000000097,-0.0001242599008498584,0.57827,-7.6094e-05,-0.40000000000000097,-0.00012378661224489803
0.68113,-6.2737e-05,-0.410000000000001,-0.00012469607142857146,0.59636,-7.3877e-05,-0.410000000000001,-0.00012463569752281628,0.57726,-7.6127e-05,-0.410000000000001,-0.0001245603433476395,0.57128,-7.6571e-05,-0.410000000000001,-0.00012400190817790532
0.67503,-6.3801e-05,-0.420000000000001,-0.00012565429155313363,0.58893,-7.5163e-05,-0.420000000000001,-0.0001255252797704448,0.56991,-7.7127e-05,-0.420000000000001,-0.0001252269589041097,0.56394,-7.7458e-05,-0.420000000000001,-0.00012445104539202212
0.66929,-6.4396e-05,-0.430000000000001,-0.0001266310430463575,0.58191,-7.568e-05,-0.430000000000001,-0.00012581677966101698,0.56295,-7.7507e-05,-0.430000000000001,-0.00012540357850070725,0.55703,-7.7513e-05,-0.430000000000001,-0.00012508646892655373
0.66333,-6.5128e-05,-0.440000000000001,-0.00012628410841654782,0.57495,-7.6257e-05,-0.440000000000001,-0.00012637258152173924,0.55597,-7.7872e-05,-0.440000000000001,-0.00012609135501355024,0.5496,-7.83e-05,-0.440000000000001,-0.000125280314637483
0.65731,-6.5358e-05,-0.450000000000001,-0.0001266134334763949,0.5679,-7.6577e-05,-0.450000000000001,-0.00012689287769784174,0.54894,-7.8382e-05,-0.450000000000001,-0.00012639620542082743,0.54257,-7.8891e-05,-0.450000000000001,-0.00012584685714285714
0.651,-6.5564e-05,-0.460000000000001,-0.00012649258620689652,0.5606,-7.6819e-05,-0.460000000000001,-0.0001272054676258993,0.54189,-7.8716e-05,-0.460000000000001,-0.00012664385611510788,0.53554,-7.9351e-05,-0.460000000000001,-0.0001262694236311239
0.64374,-6.8293e-05,-0.47000000000000103,-0.0001276550426136364,0.55327,-7.7741e-05,-0.47000000000000103,-0.00012724,0.53486,-7.9182e-05,-0.47000000000000103,-0.00012703127049180335,0.52854,-7.9183e-05,-0.47000000000000103,-0.00012646925373134337
0.63804,-6.7356e-05,-0.48000000000000104,-0.00012897081300813033,0.54588,-7.8962e-05,-0.48000000000000104,-0.00012804991513437063,0.52786,-7.9457e-05,-0.48000000000000104,-0.00012789945945945952,0.52119,-8.0082e-05,-0.48000000000000104,-0.00012707238805970153
0.63098,-6.8496e-05,-0.49000000000000105,-0.0001286939428571429,0.53917,-7.8688e-05,-0.49000000000000105,-0.00012835,0.52053,-8.0436e-05,-0.49000000000000105,-0.00012823185078909613,0.51388,-8.0904e-05,-0.49000000000000105,-0.000127671262553802
0.6239,-6.9056e-05,-0.500000000000001,-0.00012902028653295132,0.53181,-7.9566e-05,-0.500000000000001,-0.00012861226361031523,0.51393,-8.0177e-05,-0.500000000000001,-0.00012836484972677604,0.50685,-8.1206e-05,-0.500000000000001,-0.00012786969986357442
0.61694,-7.1052e-05,-0.510000000000001,-0.00012945120738636363,0.52483,-8.0098e-05,-0.510000000000001,-0.00012920871794871796,0.50651,-8.1122e-05,-0.510000000000001,-0.00012909946762589933,0.49979,-8.1523e-05,-0.510000000000001,-0.00012844312944523473
0.61093,-7.1506e-05,-0.520000000000001,-0.0001297578693181819,0.51784,-8.0606e-05,-0.520000000000001,-0.00012962666666666673,0.49946,-8.1465e-05,-0.520000000000001,-0.00012946753889674686,0.49282,-8.1742e-05,-0.520000000000001,-0.0001287561788617887
0.60496,-7.0741e-05,-0.530000000000001,-0.00013148538461538485,0.51087,-8.114e-05,-0.530000000000001,-0.0001303629613733906,0.4925,-8.1704e-05,-0.530000000000001,-0.00012972446575342474,0.48583,-8.2025e-05,-0.530000000000001,-0.0001296129387755103
0.59796,-7.1647e-05,-0.540000000000001,-0.0001320747682119206,0.50416,-8.1188e-05,-0.540000000000001,-0.00013064759656652365,0.48515,-8.2227e-05,-0.540000000000001,-0.00013021506437768242,0.47851,-8.2689e-05,-0.540000000000001,-0.00012997327586206894
0.59057,-7.2983e-05,-0.550000000000001,-0.00013173313131313108,0.49711,-8.1352e-05,-0.550000000000001,-0.00013131512362637372,0.47785,-8.278e-05,-0.550000000000001,-0.000130643275862069,0.47161,-8.2802e-05,-0.550000000000001,-0.00013014373793103455
0.58352,-7.375e-05,-0.560000000000001,-0.00013092119318181821,0.48984,-8.208e-05,-0.560000000000001,-0.00013177088983050853,0.47096,-8.2818e-05,-0.560000000000001,-0.0001312050000000001,0.46422,-8.3681e-05,-0.560000000000001,-0.00013057876358695659
0.57654,-7.5707e-05,-0.5700000000000011,-0.00013181550000000006,0.48282,-8.245e-05,-0.5700000000000011,-0.00013197181560283688,0.46354,-8.3617e-05,-0.5700000000000011,-0.00013170576271186442,0.45716,-8.3827e-05,-0.5700000000000011,-0.00013123092265943022
0.57086,-7.5744e-05,-0.5800000000000011,-0.00013260647058823544,0.47585,-8.272e-05,-0.5800000000000011,-0.00013263,0.45652,-8.3826e-05,-0.5800000000000011,-0.00013183258196721318,0.45017,-8.4018e-05,-0.5800000000000011,-0.00013156354285714285
0.56484,-7.5168e-05,-0.5900000000000011,-0.00013414522613065303,0.46856,-8.3672e-05,-0.5900000000000011,-0.00013274974100719428,0.44952,-8.3949e-05,-0.5900000000000011,-0.00013210537037037034,0.44287,-8.4679e-05,-0.5900000000000011,-0.00013198203730272596
0.55824,-7.5393e-05,-0.6000000000000011,-0.00013306306818181823,0.46152,-8.3942e-05,-0.6000000000000011,-0.00013293882749326156,0.44249,-8.4354e-05,-0.6000000000000011,-0.00013245721399730834,0.43585,-8.4725e-05,-0.6000000000000011,-0.00013229341463414645
0.55121,-7.6184e-05,-0.6100000000000011,-0.00013373002853067048,0.45447,-8.4339e-05,-0.6100000000000011,-0.0001335015909090909,0.4352,-8.5125e-05,-0.6100000000000011,-0.00013308878917378915,0.42891,-8.453e-05,-0.6100000000000011,-0.0001326658865248227
0.54417,-7.8174e-05,-0.6200000000000011,-0.00013385256410256414,0.44751,-8.4712e-05,-0.6200000000000011,-0.0001334443103448276,0.42823,-8.5159e-05,-0.6200000000000011,-0.00013315527397260278,0.42154,-8.548e-05,-0.6200000000000011,-0.0001330337
0.53812,-7.7328e-05,-0.6300000000000011,-0.00013405863701578194,0.44053,-8.4837e-05,-0.6300000000000011,-0.0001339342733812949,0.42116,-8.5545e-05,-0.6300000000000011,-0.0001336346227709191,0.41447,-8.5692e-05,-0.6300000000000011,-0.00013304164285714285
0.53115,-7.792e-05,-0.6400000000000011,-0.00013391421428571434,0.43354,-8.5331e-05,-0.6400000000000011,-0.00013387045020463853,0.41416,-8.5449e-05,-0.6400000000000011,-0.0001333500429184548,0.40717,-8.6441e-05,-0.6400000000000011,-0.00013328427556818178
0.52415,-7.8587e-05,-0.6500000000000011,-0.00013419,0.42656,-8.578e-05,-0.6500000000000011,-0.00013410855728429987,0.40683,-8.6269e-05,-0.6500000000000011,-0.00013399989650711528,0.40014,-8.6556e-05,-0.6500000000000011,-0.00013317200000000003
0.51718,-7.9037e-05,-0.6600000000000011,-0.0001342426775956285,0.41952,-8.6289e-05,-0.6600000000000011,-0.00013399060431654674,0.39979,-8.6699e-05,-0.6600000000000011,-0.00013388,0.39321,-8.6666e-05,-0.6600000000000011,-0.00013323235714285712
0.51018,-8.0519e-05,-0.6700000000000012,-0.000135187151424288,0.4128,-8.5872e-05,-0.6700000000000012,-0.00013373738636363633,0.39285,-8.6945e-05,-0.6700000000000012,-0.00013375836676217764,0.38593,-8.7351e-05,-0.6700000000000012,-0.0001331294277929155
0.50413,-8.0908e-05,-0.6800000000000012,-0.00013404275071633232,0.40553,-8.65e-05,-0.6800000000000012,-0.00013402744985673348,0.38591,-8.6902e-05,-0.6800000000000012,-0.00013372269230769228,0.37892,-8.7453e-05,-0.6800000000000012,-0.00013334482758620698
0.4984,-7.9458e-05,-0.6900000000000012,-0.00013385115492957748,0.39846,-8.671e-05,-0.6900000000000012,-0.0001341081720430108,0.37854,-8.7883e-05,-0.6900000000000012,-0.00013360718926553672,0.37152,-8.8081e-05,-0.6900000000000012,-0.0001329459259259259
0.49144,-8.0007e-05,-0.7000000000000012,-0.0001338224964539007,0.39155,-8.707e-05,-0.7000000000000012,-0.0001340189127324749,0.37149,-8.8309e-05,-0.7000000000000012,-0.00013326068119891009,0.36449,-8.8327e-05,-0.7000000000000012,-0.0001326512660028449
0.48446,-8.0665e-05,-0.7100000000000012,-0.00013341794871794867,0.38423,-8.7675e-05,-0.7100000000000012,-0.00013336769230769222,0.36448,-8.8765e-05,-0.7100000000000012,-0.00013312618571428565,0.35752,-8.8679e-05,-0.7100000000000012,-0.00013230039999999996
0.4775,-8.1145e-05,-0.7200000000000012,-0.0001329791354466858,0.37717,-8.8183e-05,-0.7200000000000012,-0.00013312686813186814,0.35746,-8.8945e-05,-0.7200000000000012,-0.00013288577868852456,0.35051,-8.9121e-05,-0.7200000000000012,-0.00013191779220779218
0.47054,-8.1112e-05,-0.7300000000000012,-0.0001327160863697706,0.3701,-8.8595e-05,-0.7300000000000012,-0.00013286935135135137,0.35049,-8.9338e-05,-0.7300000000000012,-0.00013249322990126935,0.34355,-8.9425e-05,-0.7300000000000012,-0.00013145084865629413
0.4632,-8.2327e-05,-0.7400000000000012,-0.00013270575458392098,0.36314,-8.8896e-05,-0.7400000000000012,-0.00013280939179632244,0.34352,-8.9587e-05,-0.7400000000000012,-0.00013248909581646429,0.33649,-8.9951e-05,-0.7400000000000012,-0.0001317309687499998
0.45617,-8.4113e-05,-0.7500000000000012,-0.0001324779487179487,0.35614,-8.8843e-05,-0.7500000000000012,-0.00013246111111111104,0.33645,-9.0113e-05,-0.7500000000000012,-0.0001318281904761905,0.32909,-9.0939e-05,-0.7500000000000012,-0.00013102681948424068
0.45048,-8.3899e-05,-0.7600000000000012,-0.00013220141630901285,0.34881,-8.9663e-05,-0.7600000000000012,-0.00013227929848693264,0.32938,-9.0712e-05,-0.7600000000000012,-0.00013186720229555233,0.32207,-9.1335e-05,-0.7600000000000012,-0.0001307703735632183
0.44447,-8.276e-05,-0.7700000000000012,-0.00013245964577656682,0.34186,-8.9991e-05,-0.7700000000000012,-0.00013225229018492174,0.32235,-9.1163e-05,-0.7700000000000012,-0.00013175,0.31503,-9.1676e-05,-0.7700000000000012,-0.00013060109905020358
0.43749,-8.311e-05,-0.7800000000000012,-0.0001325558321479374,0.3348,-9.0316e-05,-0.7800000000000012,-0.00013232001432664757,0.31501,-9.2044e-05,-0.7800000000000012,-0.00013175228260869573,0.3077,-9.2112e-05,-0.7800000000000012,-0.00013105077496274213
0.43055,-8.3595e-05,-0.7900000000000013,-0.00013257722302158274,0.32734,-9.1408e-05,-0.7900000000000013,-0.00013242443328550935,0.30804,-9.2445e-05,-0.7900000000000013,-0.00013223931330472107,0.30044,-9.2914e-05,-0.7900000000000013,-0.00013078601147776183
0.42355,-8.4124e-05,-0.8000000000000013,-0.00013290331412103753,0.32038,-9.172e-05,-0.8000000000000013,-0.0001327150341064121,0.30107,-9.2623e-05,-0.8000000000000013,-0.00013196944827586216,0.29339,-9.3354e-05,-0.8000000000000013,-0.00013114419263456098
0.41613,-8.6045e-05,-0.8100000000000013,-0.00013341305475504328,0.31336,-9.207e-05,-0.8100000000000013,-0.00013327507163323783,0.2937,-9.3733e-05,-0.8100000000000013,-0.00013252011461318056,0.28633,-9.4043e-05,-0.8100000000000013,-0.00013157011428571434
0.41009,-8.4909e-05,-0.8200000000000013,-0.00013367362225097048,0.30635,-9.2727e-05,-0.8200000000000013,-0.00013364615384615404,0.28666,-9.4371e-05,-0.8200000000000013,-0.0001333164372469637,0.2793,-9.4664e-05,-0.8200000000000013,-0.00013194133144475923
0.40319,-8.5165e-05,-0.8300000000000013,-0.00013513561604584532,0.29939,-9.3137e-05,-0.8300000000000013,-0.00013495382183908056,0.27966,-9.4658e-05,-0.8300000000000013,-0.00013388975539568347,0.27233,-9.4996e-05,-0.8300000000000013,-0.00013308189111747856
0.39616,-8.5526e-05,-0.8400000000000013,-0.00013588182076813672,0.29237,-9.3861e-05,-0.8400000000000013,-0.0001354017567567568,0.27266,-9.5205e-05,-0.8400000000000013,-0.0001351326021798368,0.26533,-9.543e-05,-0.8400000000000013,-0.0001336637037037038
0.3892,-8.5792e-05,-0.8500000000000013,-0.00013701818965517273,0.28535,-9.4405e-05,-0.8500000000000013,-0.00013625737142857155,0.26568,-9.567e-05,-0.8500000000000013,-0.00013543322359396449,0.25806,-9.6248e-05,-0.8500000000000013,-0.00013469257510729618
0.38187,-8.6538e-05,-0.8600000000000013,-0.00013869604612850092,0.27833,-9.4921e-05,-0.8600000000000013,-0.00013698997167138817,0.2584,-9.649e-05,-0.8600000000000013,-0.00013631262711864416,0.25101,-9.6616e-05,-0.8600000000000013,-0.000135090014164306
0.37482,-8.7063e-05,-0.8700000000000013,-0.00013898362876254186,0.27134,-9.5399e-05,-0.8700000000000013,-0.00013762135061391555,0.25133,-9.6952e-05,-0.8700000000000013,-0.0001369306599713056,0.24361,-9.7462e-05,-0.8700000000000013,-0.00013564346883468843
0.36812,-8.819e-05,-0.8800000000000013,-0.00013914299999999994,0.26437,-9.6152e-05,-0.8800000000000013,-0.00013838905579399146,0.24425,-9.7417e-05,-0.8800000000000013,-0.0001371774418604652,0.23663,-9.7673e-05,-0.8800000000000013,-0.00013596346938775519
0.36181,-8.6332e-05,-0.8900000000000013,-0.0001383683783783782,0.25742,-9.6615e-05,-0.8900000000000013,-0.0001381805135951661,0.23691,-9.8322e-05,-0.8900000000000013,-0.00013731487804878047,0.22963,-9.8035e-05,-0.8900000000000013,-0.00013610609195402292
0.35409,-8.7862e-05,-0.9000000000000014,-0.00013793135977337105,0.25033,-9.7346e-05,-0.9000000000000014,-0.00013783506382978716,0.23027,-9.822e-05,-0.9000000000000014,-0.00013700867332382306,0.22266,-9.822e-05,-0.9000000000000014,-0.00013596042176870746
0.34715,-8.8097e-05,-0.9100000000000014,-0.00013738405099150133,0.24329,-9.7764e-05,-0.9100000000000014,-0.0001374658974358974,0.22331,-9.8502e-05,-0.9100000000000014,-0.00013651988700564963,0.21538,-9.8867e-05,-0.9100000000000014,-0.0001352627659574467
0.33982,-8.8911e-05,-0.9200000000000014,-0.00013676176954732503,0.23632,-9.8162e-05,-0.9200000000000014,-0.00013647265423242453,0.21604,-9.947e-05,-0.9200000000000014,-0.00013533956896551695,0.20835,-9.9187e-05,-0.9200000000000014,-0.00013438958904109577
0.33272,-9.096e-05,-0.9300000000000014,-0.0001350795336076816,0.22931,-9.8749e-05,-0.9300000000000014,-0.00013515388252148975,0.20933,-9.9343e-05,-0.9300000000000014,-0.00013356465116279051,0.20132,-9.9505e-05,-0.9300000000000014,-0.00013281425034387874
0.32668,-8.9726e-05,-0.9400000000000014,-0.000133595741007194,0.22229,-9.9133e-05,-0.9400000000000014,-0.00013321559322033871,0.20225,-9.9834e-05,-0.9400000000000014,-0.00013221733969986338,0.19396,-0.00010007,-0.9400000000000014,-0.00013102303977272696
0.31937,-9.0474e-05,-0.9500000000000014,-0.00013164119999999968,0.21539,-9.8636e-05,-0.9500000000000014,-0.00013139021621621602,0.19521,-0.00010007,-0.9500000000000014,-0.00013025216216216193,0.18662,-0.00010012,-0.9500000000000014,-0.00012917522448979569
0.31235,-9.1182e-05,-0.9600000000000014,-0.00012932883787661372,0.208,-9.96e-05,-0.9600000000000014,-0.00012935624103299823,0.18792,-0.00010085,-0.9600000000000014,-0.00012801438040345784,0.1793,-0.00010076,-0.9600000000000014,-0.00012706416098226439
0.30541,-9.2808e-05,-0.9700000000000014,-0.00012725680786686793,0.20095,-9.9914e-05,-0.9700000000000014,-0.0001264895890410956,0.18127,-0.00010067,-0.9700000000000014,-0.0001251612208504797,0.17234,-0.0001007,-0.9700000000000014,-0.00012458347202295512
0.2994,-9.1793e-05,-0.9800000000000014,-0.00012427787087912056,0.19396,-0.0001003,-0.9800000000000014,-0.00012403237752161344,0.17432,-0.00010087,-0.9800000000000014,-0.00012250135802469101,0.16493,-0.00010156,-0.9800000000000014,-0.0001217853977272723
0.29235,-9.2511e-05,-0.9900000000000014,-0.00012149846808510595,0.18696,-0.00010036,-0.9900000000000014,-0.00012151641025640984,0.16726,-0.00010107,-0.9900000000000014,-0.00012010495289367396,0.15787,-0.00010139,-0.9900000000000014,-0.00011908107923497235
0.28531,-9.332e-05,,,0.17961,-0.00010113,-1.0000000000000013,-0.00011861042735042697,0.1599,-0.00010189,,,0.15058,-0.00010221,,
0.27829,-9.361e-05,,,0.17265,-0.00010123,,,0.15285,-0.00010248,,,0.14355,-0.00010215,,
0.27131,-9.4252e-05,,,0.16562,-0.00010157,,,0.14585,-0.00010275,,,0.13593,-0.00010342,,
0.26434,-9.6095e-05,,,0.15859,-0.00010185,,,0.13887,-0.00010334,,,0.12896,-0.00010386,,
0.25837,-9.6488e-05,,,0.15127,-0.00010266,,,0.13225,-0.00010324,,,0.12192,-0.00010417,,
0.25231,-9.5697e-05,,,0.14424,-0.00010314,,,0.12491,-0.00010438,,,0.11457,-0.00010505,,
0.24529,-9.6442e-05,,,0.13725,-0.00010371,,,0.1182,-0.00010447,,,0.10752,-0.00010503,,
0.23825,-9.6951e-05,,,0.13029,-0.00010397,,,0.11083,-0.00010544,,,0.10022,-0.00010613,,
0.23127,-9.8608e-05,,,0.12325,-0.00010456,,,0.10388,-0.00010565,,,0.093208,-0.0001063,,
0.2253,-9.8919e-05,,,0.11589,-0.00010551,,,0.096851,-0.00010627,,,0.085933,-0.0001072,,
0.21932,-9.9255e-05,,,0.10918,-0.00010579,,,0.089556,-0.0001074,,,0.078544,-0.00010806,,
0.21372,-9.9032e-05,,,0.1022,-0.000106,,,0.082561,-0.00010793,,,0.071446,-0.00010822,,
0.20766,-9.8026e-05,,,0.094883,-0.000107,,,0.075851,-0.00010788,,,0.064157,-0.00010887,,
0.20061,-9.8421e-05,,,0.087952,-0.00010764,,,0.068452,-0.00010881,,,0.057158,-0.00010898,,
0.1936,-9.883e-05,,,0.081224,-0.0001077,,,0.061467,-0.00010913,,,0.050152,-0.00010859,,
0.18662,-9.9143e-05,,,0.073851,-0.00010841,,,0.054487,-0.00010895,,,0.042547,-0.00010976,,
0.1793,-0.00010001,,,0.066807,-0.00010903,,,0.047182,-0.00010951,,,0.035474,-0.0001101,,
0.17234,-0.00010147,,,0.059815,-0.0001095,,,0.0402,-0.00010967,,,0.028387,-0.00011027,,
0.16627,-0.00010038,,,0.052839,-0.00010973,,,0.032758,-0.00011048,,,0.021044,-0.00011089,,
0.15925,-0.00010093,,,0.045887,-0.00010996,,,0.025688,-0.00011024,,,0.014032,-0.0001106,,
0.15223,-0.0001015,,,0.038818,-0.00011028,,,0.01836,-0.00011071,,,0.0063652,-0.00011175,,
0.14522,-0.00010317,,,0.031764,-0.00011049,,,0.010994,-0.00011153,,,-0.00064471,-0.00011152,,
0.13923,-0.00010206,,,0.024691,-0.00011072,,,0.0039882,-0.00011179,,,-0.0080263,-0.00011206,,
0.13197,-0.00010289,,,0.017708,-0.00011087,,,-0.0030053,-0.00011211,,,-0.015099,-0.00011201,,
0.12492,-0.00010347,,,0.010356,-0.00011156,,,-0.010085,-0.00011246,,,-0.022407,-0.00011262,,
0.11787,-0.00010556,,,0.003304,-0.0001117,,,-0.017124,-0.00011268,,,-0.029427,-0.00011275,,
0.11184,-0.00010472,,,-0.0036727,-0.00011206,,,-0.024078,-0.00011294,,,-0.036753,-0.00011348,,
0.10486,-0.0001053,,,-0.010769,-0.0001125,,,-0.031132,-0.00011319,,,-0.043727,-0.00011349,,
0.09788,-0.00010592,,,-0.017796,-0.00011291,,,-0.038111,-0.00011331,,,-0.050781,-0.00011381,,
0.090917,-0.00010781,,,-0.024819,-0.00011313,,,-0.045088,-0.00011342,,,-0.057865,-0.00011371,,
0.085274,-0.00010629,,,-0.031798,-0.00011336,,,-0.052477,-0.00011421,,,-0.065199,-0.00011449,,
0.077878,-0.00010732,,,-0.038745,-0.00011359,,,-0.059553,-0.00011492,,,-0.072481,-0.00011495,,
0.070805,-0.00010787,,,-0.045757,-0.00011376,,,-0.06653,-0.00011503,,,-0.07953,-0.00011523,,
0.063834,-0.00010974,,,-0.053141,-0.00011457,,,-0.073531,-0.00011539,,,-0.08651,-0.00011534,,
0.058122,-0.000108,,,-0.060205,-0.00011476,,,-0.080165,-0.00011503,,,-0.093869,-0.000116,,
0.051176,-0.00010836,,,-0.067115,-0.00011499,,,-0.087517,-0.00011604,,,-0.10095,-0.00011612,,
0.043886,-0.00010888,,,-0.074223,-0.0001154,,,-0.094586,-0.00011576,,,-0.10826,-0.00011673,,
0.036487,-0.00010975,,,-0.081158,-0.00011578,,,-0.10192,-0.00011665,,,-0.11527,-0.00011688,,
0.029443,-0.00010988,,,-0.088137,-0.00011617,,,-0.10894,-0.00011578,,,-0.12258,-0.00011751,,
0.022402,-0.00011141,,,-0.095238,-0.00011668,,,-0.11693,-0.00011753,,,-0.12957,-0.00011755,,
0.016357,-0.00011172,,,-0.10228,-0.00011718,,,-0.1239,-0.00011782,,,-0.13696,-0.00011835,,
0.010359,-0.00011049,,,-0.10926,-0.00011712,,,-0.13123,-0.00011836,,,-0.14401,-0.0001186,,
0.0033067,-0.00011092,,,-0.1166,-0.00011748,,,-0.13831,-0.0001182,,,-0.15097,-0.00011874,,
-0.0036999,-0.00011124,,,-0.12388,-0.00011775,,,-0.14568,-0.00011917,,,-0.15798,-0.00011852,,
-0.010783,-0.00011157,,,-0.13123,-0.00011817,,,-0.15265,-0.00011943,,,-0.16527,-0.00011888,,
-0.017801,-0.00011183,,,-0.13862,-0.00011848,,,-0.15965,-0.00011956,,,-0.17259,-0.00011942,,
-0.025127,-0.00011264,,,-0.14599,-0.00011942,,,-0.16664,-0.00011959,,,-0.17967,-0.00011964,,
-0.03211,-0.00011435,,,-0.153,-0.00011955,,,-0.17361,-0.00011956,,,-0.1867,-0.00011941,,
-0.038062,-0.00011406,,,-0.15998,-0.00011974,,,-0.18068,-0.00011979,,,-0.19399,-0.00011965,,
-0.044065,-0.00011291,,,-0.16694,-0.00011941,,,-0.18806,-0.00012036,,,-0.20101,-0.00011974,,
-0.051095,-0.00011348,,,-0.17432,-0.00012011,,,-0.19502,-0.00012012,,,-0.20829,-0.00011999,,
-0.058195,-0.00011382,,,-0.1817,-0.0001207,,,-0.20205,-0.00012019,,,-0.21528,-0.0001196,,
-0.065188,-0.00011397,,,-0.1887,-0.00012063,,,-0.20899,-0.00011993,,,-0.22236,-0.00011938,,
-0.072177,-0.00011439,,,-0.19574,-0.00012079,,,-0.21596,-0.00012,,,-0.22972,-0.00011987,,
-0.079137,-0.00011598,,,-0.20271,-0.00012077,,,-0.22334,-0.00012047,,,-0.23666,-0.00011973,,
-0.085125,-0.00011585,,,-0.20964,-0.00012072,,,-0.23042,-0.00012021,,,-0.24368,-0.00011955,,
-0.091534,-0.00011531,,,-0.21664,-0.0001207,,,-0.23736,-0.00011998,,,-0.25097,-0.00011975,,
-0.098589,-0.00011566,,,-0.22371,-0.00012064,,,-0.24435,-0.00011973,,,-0.25796,-0.00011961,,
-0.10592,-0.00011648,,,-0.23073,-0.0001205,,,-0.25167,-0.00012013,,,-0.26502,-0.00011953,,
-0.11297,-0.00011813,,,-0.23771,-0.00012031,,,-0.25865,-0.00012021,,,-0.27207,-0.00011953,,
-0.1189,-0.00011844,,,-0.2447,-0.00012015,,,-0.26574,-0.00012006,,,-0.27936,-0.00011976,,
-0.12454,-0.00011668,,,-0.252,-0.00012053,,,-0.27276,-0.00012001,,,-0.28642,-0.00011963,,
-0.13158,-0.00011735,,,-0.25868,-0.0001199,,,-0.27975,-0.00012018,,,-0.29371,-0.00011992,,
-0.1386,-0.00011772,,,-0.26606,-0.00012048,,,-0.28674,-0.0001203,,,-0.30068,-0.00011967,,
-0.14598,-0.00011863,,,-0.2731,-0.00012055,,,-0.29371,-0.00011966,,,-0.30804,-0.00012019,,
-0.15299,-0.00012034,,,-0.2801,-0.00012048,,,-0.30104,-0.00012014,,,-0.31545,-0.00012069,,
-0.15867,-0.00011912,,,-0.2871,-0.00012014,,,-0.30807,-0.00012053,,,-0.32242,-0.00012063,,
-0.16528,-0.00011878,,,-0.29442,-0.00012068,,,-0.31547,-0.0001213,,,-0.32945,-0.0001208,,
-0.17227,-0.00011916,,,-0.30136,-0.00012057,,,-0.32209,-0.00012082,,,-0.33672,-0.00012084,,
-0.17934,-0.00011925,,,-0.30875,-0.00012117,,,-0.32912,-0.00012094,,,-0.34402,-0.00012119,,
-0.18639,-0.00011947,,,-0.31582,-0.00012139,,,-0.33639,-0.00012152,,,-0.3511,-0.00012128,,
-0.19337,-0.00011954,,,-0.32275,-0.00012154,,,-0.34339,-0.00012162,,,-0.35847,-0.00012183,,
-0.20067,-0.00012013,,,-0.3298,-0.00012176,,,-0.35049,-0.00012198,,,-0.36545,-0.00012132,,
-0.20767,-0.00012007,,,-0.33673,-0.00012148,,,-0.35752,-0.00012227,,,-0.37312,-0.00012247,,
-0.21462,-0.00011998,,,-0.34411,-0.00012238,,,-0.3648,-0.00012294,,,-0.38008,-0.00012245,,
-0.22167,-0.00012001,,,-0.35114,-0.00012227,,,-0.37182,-0.00012305,,,-0.38742,-0.00012261,,
-0.22873,-0.00012017,,,-0.35851,-0.00012289,,,-0.3788,-0.00012313,,,-0.39481,-0.00012337,,
-0.2357,-0.00012017,,,-0.36551,-0.00012311,,,-0.3861,-0.00012378,,,-0.40216,-0.00012396,,
-0.24268,-0.00012008,,,-0.37254,-0.00012337,,,-0.39317,-0.00012396,,,-0.40917,-0.00012399,,
-0.24971,-0.00012008,,,-0.37949,-0.00012342,,,-0.40023,-0.00012427,,,-0.41614,-0.00012409,,
-0.25667,-0.00012009,,,-0.38646,-0.00012361,,,-0.40718,-0.00012452,,,-0.42341,-0.00012477,,
-0.26373,-0.00012029,,,-0.3935,-0.0001237,,,-0.41417,-0.00012462,,,-0.43049,-0.00012511,,
-0.27079,-0.00012044,,,-0.40087,-0.00012458,,,-0.42147,-0.00012538,,,-0.43753,-0.00012501,,
-0.27773,-0.00012023,,,-0.40784,-0.00012434,,,-0.42845,-0.00012534,,,-0.44484,-0.00012581,,
-0.28475,-0.00012043,,,-0.41551,-0.00012539,,,-0.43552,-0.00012563,,,-0.45184,-0.00012586,,
-0.29174,-0.00012066,,,-0.42248,-0.0001256,,,-0.4429,-0.00012639,,,-0.45916,-0.00012629,,
-0.29867,-0.0001208,,,-0.42946,-0.0001258,,,-0.44985,-0.00012639,,,-0.4661,-0.00012612,,
-0.30571,-0.00012244,,,-0.43654,-0.00012602,,,-0.45686,-0.00012668,,,-0.47347,-0.00012678,,
-0.31139,-0.00012205,,,-0.4439,-0.00012677,,,-0.46381,-0.0001266,,,-0.48084,-0.00012711,,
-0.31746,-0.00012097,,,-0.45085,-0.00012691,,,-0.47113,-0.00012711,,,-0.4882,-0.00012771,,
-0.32443,-0.00012124,,,-0.45785,-0.00012719,,,-0.47853,-0.00012782,,,-0.49517,-0.00012756,,
-0.33143,-0.00012145,,,-0.4648,-0.00012724,,,-0.48556,-0.0001282,,,-0.5025,-0.00012803,,
-0.33839,-0.00012163,,,-0.4718,-0.00012724,,,-0.49253,-0.00012825,,,-0.5098,-0.00012844,,
-0.34544,-0.00012221,,,-0.47917,-0.00012801,,,-0.49951,-0.00012832,,,-0.51683,-0.00012855,,
-0.35251,-0.00012266,,,-0.48624,-0.00012835,,,-0.50683,-0.00012899,,,-0.52421,-0.00012903,,
-0.35953,-0.00012277,,,-0.49322,-0.00012835,,,-0.51378,-0.00012923,,,-0.53156,-0.00012977,,
-0.36658,-0.00012324,,,-0.5002,-0.00012862,,,-0.52085,-0.0001295,,,-0.53858,-0.00013001,,
-0.37352,-0.00012489,,,-0.50748,-0.00012918,,,-0.52793,-0.00012956,,,-0.54554,-0.00012983,,
-0.37915,-0.00012456,,,-0.5145,-0.00012926,,,-0.53523,-0.00013014,,,-0.55279,-0.00013034,,
-0.38515,-0.00012335,,,-0.52155,-0.00012973,,,-0.54222,-0.00013025,,,-0.55985,-0.00013057,,
-0.39216,-0.00012369,,,-0.52893,-0.00013034,,,-0.54919,-0.00013062,,,-0.56721,-0.000131,,
-0.39924,-0.00012412,,,-0.53592,-0.00013049,,,-0.55615,-0.00013082,,,-0.57458,-0.00013161,,
-0.40619,-0.00012456,,,-0.54291,-0.00013076,,,-0.56355,-0.00013156,,,-0.58158,-0.00013155,,
-0.41319,-0.00012481,,,-0.55019,-0.00013133,,,-0.57063,-0.00013172,,,-0.58889,-0.00013199,,
-0.42053,-0.00012572,,,-0.55715,-0.00013163,,,-0.57757,-0.00013165,,,-0.59586,-0.00013194,,
-0.42715,-0.0001269,,,-0.56423,-0.00013198,,,-0.58489,-0.0001322,,,-0.60324,-0.00013257,,
-0.43319,-0.00012633,,,-0.57128,-0.00013197,,,-0.59191,-0.00013207,,,-0.61029,-0.00013267,,
-0.43988,-0.00012628,,,-0.57863,-0.00013263,,,-0.5992,-0.00013237,,,-0.61763,-0.00013301,,
-0.44689,-0.00012652,,,-0.58562,-0.00013263,,,-0.60663,-0.00013318,,,-0.62463,-0.00013308,,
-0.45388,-0.00012673,,,-0.59257,-0.00013282,,,-0.61365,-0.00013299,,,-0.63163,-0.00013303,,
-0.46084,-0.00012646,,,-0.59957,-0.0001329,,,-0.62095,-0.00013318,,,-0.63889,-0.00013333,,
-0.46849,-0.00012761,,,-0.60699,-0.00013357,,,-0.6283,-0.00013356,,,-0.64593,-0.00013304,,
-0.47553,-0.00012782,,,-0.61403,-0.00013341,,,-0.63559,-0.00013388,,,-0.65333,-0.00013328,,
-0.48291,-0.00012972,,,-0.62099,-0.00013345,,,-0.64258,-0.00013304,,,-0.66033,-0.00013323,,
-0.48892,-0.00012866,,,-0.62833,-0.00013404,,,-0.65031,-0.00013404,,,-0.66766,-0.00013319,,
-0.49592,-0.00012888,,,-0.63528,-0.0001336,,,-0.65736,-0.00013388,,,-0.675,-0.000133,,
-0.5029,-0.00012912,,,-0.64261,-0.00013402,,,-0.66434,-0.00013388,,,-0.68196,-0.00013348,,
-0.50983,-0.00012945,,,-0.64966,-0.00013411,,,-0.67132,-0.00013373,,,-0.6887,-0.00013297,,
-0.51687,-0.0001295,,,-0.65673,-0.00013408,,,-0.67865,-0.00013374,,,-0.69572,-0.00013284,,
-0.52391,-0.00013008,,,-0.66368,-0.00013389,,,-0.68567,-0.00013365,,,-0.70275,-0.00013253,,
-0.53093,-0.0001317,,,-0.67072,-0.00013372,,,-0.69275,-0.00013358,,,-0.70976,-0.00013231,,
-0.5369,-0.00013189,,,-0.67802,-0.00013407,,,-0.69975,-0.00013326,,,-0.71676,-0.00013203,,
-0.54294,-0.00013225,,,-0.685,-0.00013392,,,-0.70709,-0.00013328,,,-0.72369,-0.00013179,,
-0.54858,-0.00013202,,,-0.69244,-0.0001342,,,-0.71409,-0.00013291,,,-0.73076,-0.00013141,,
-0.55452,-0.00013082,,,-0.69947,-0.00013405,,,-0.72141,-0.00013288,,,-0.73781,-0.00013208,,
-0.56156,-0.00013095,,,-0.70646,-0.00013364,,,-0.72839,-0.00013255,,,-0.74421,-0.00013106,,
-0.56895,-0.00013176,,,-0.71348,-0.0001331,,,-0.73548,-0.0001323,,,-0.75119,-0.00013102,,
-0.57595,-0.00013213,,,-0.72076,-0.00013313,,,-0.74289,-0.00013261,,,-0.75819,-0.00013089,,
-0.58326,-0.00013299,,,-0.72776,-0.00013283,,,-0.74957,-0.00013182,,,-0.76515,-0.00013043,,
-0.58993,-0.00013416,,,-0.73516,-0.00013296,,,-0.75692,-0.00013196,,,-0.77252,-0.00013069,,
-0.5959,-0.0001329,,,-0.74223,-0.00013274,,,-0.76389,-0.00013175,,,-0.77957,-0.00013107,,
-0.60294,-0.00013318,,,-0.74922,-0.0001325,,,-0.7709,-0.00013175,,,-0.78628,-0.00013077,,
-0.60999,-0.00013373,,,-0.75624,-0.00013215,,,-0.778,-0.00013163,,,-0.79325,-0.0001308,,
-0.617,-0.00013375,,,-0.76351,-0.0001324,,,-0.78536,-0.00013208,,,-0.80031,-0.00013116,,
-0.62402,-0.00013399,,,-0.77054,-0.00013224,,,-0.79235,-0.00013232,,,-0.80724,-0.00013144,,
-0.63099,-0.00013407,,,-0.77767,-0.00013231,,,-0.79905,-0.0001319,,,-0.81424,-0.00013177,,
-0.63795,-0.0001338,,,-0.78465,-0.00013234,,,-0.8063,-0.00013243,,,-0.8213,-0.00013198,,
-0.64495,-0.00013419,,,-0.79162,-0.00013245,,,-0.81328,-0.0001326,,,-0.82865,-0.00013302,,
-0.65202,-0.00013419,,,-0.79859,-0.00013259,,,-0.82069,-0.00013339,,,-0.83563,-0.00013334,,
-0.65905,-0.00013417,,,-0.80592,-0.00013324,,,-0.82774,-0.00013388,,,-0.84265,-0.00013386,,
-0.66637,-0.00013473,,,-0.8129,-0.0001333,,,-0.83469,-0.00013391,,,-0.84994,-0.00013469,,
-0.67304,-0.00013557,,,-0.81996,-0.00013364,,,-0.84203,-0.0001356,,,-0.85693,-0.00013499,,
-0.67903,-0.00013409,,,-0.82737,-0.00013478,,,-0.84836,-0.00013526,,,-0.86399,-0.00013522,,
-0.68601,-0.00013375,,,-0.83433,-0.00013524,,,-0.85565,-0.00013603,,,-0.87137,-0.00013574,,
-0.69311,-0.00013393,,,-0.84099,-0.00013543,,,-0.86273,-0.00013649,,,-0.87865,-0.00013589,,
-0.70016,-0.00013382,,,-0.84798,-0.00013609,,,-0.86977,-0.00013693,,,-0.886,-0.00013629,,
-0.70712,-0.0001335,,,-0.85498,-0.00013667,,,-0.87674,-0.00013695,,,-0.89296,-0.00013597,,
-0.71414,-0.0001333,,,-0.86204,-0.00013712,,,-0.88405,-0.00013746,,,-0.90031,-0.00013596,,
-0.72108,-0.00013292,,,-0.86907,-0.00013753,,,-0.89102,-0.00013729,,,-0.90733,-0.00013549,,
-0.72809,-0.00013268,,,-0.8764,-0.00013825,,,-0.898,-0.00013708,,,-0.91438,-0.00013489,,
-0.7355,-0.00013282,,,-0.88339,-0.00013852,,,-0.90501,-0.00013683,,,-0.92168,-0.00013424,,
-0.74259,-0.00013264,,,-0.89001,-0.00013818,,,-0.91209,-0.00013639,,,-0.92867,-0.00013301,,
-0.74953,-0.00013249,,,-0.89694,-0.000138,,,-0.91906,-0.00013553,,,-0.93594,-0.00013194,,
-0.75655,-0.00013231,,,-0.90399,-0.00013762,,,-0.92602,-0.00013412,,,-0.94298,-0.00013035,,
-0.76354,-0.00013209,,,-0.9114,-0.00013743,,,-0.93333,-0.0001331,,,-0.95033,-0.00012912,,
-0.77088,-0.00013251,,,-0.91838,-0.00013664,,,-0.94066,-0.00013213,,,-0.95736,-0.00012759,,
-0.77795,-0.00013255,,,-0.92535,-0.00013592,,,-0.9477,-0.00013065,,,-0.96469,-0.00012613,,
-0.78498,-0.00013257,,,-0.93233,-0.00013477,,,-0.9551,-0.00012937,,,-0.97166,-0.0001241,,
-0.79193,-0.00013258,,,-0.93929,-0.00013336,,,-0.96204,-0.00012745,,,-0.97859,-0.00012221,,
-0.799,-0.00013285,,,-0.94637,-0.00013192,,,-0.96903,-0.00012543,,,-0.98563,-0.00012009,,
-0.80594,-0.00013322,,,-0.95377,-0.00013084,,,-0.97632,-0.00012341,,,-0.99295,-0.0001184,,
-0.81288,-0.00013355,,,-0.96074,-0.00012918,,,-0.98361,-0.00012161,,,,,,
-0.81998,-0.00013367,,,-0.96737,-0.00012703,,,-0.99104,-0.00011986,,,,,,
-0.82771,-0.00013507,,,-0.97467,-0.00012553,,,,,,,,,,
-0.83469,-0.00013527,,,-0.98161,-0.00012358,,,,,,,,,,
-0.84172,-0.00013608,,,-0.98868,-0.0001219,,,,,,,,,,
-0.8487,-0.00013671,,,-0.9957,-0.00011986,,,,,,,,,,
-0.85566,-0.00013836,,,,,,,,,,,,,,
-0.86173,-0.00013883,,,,,,,,,,,,,,
-0.86741,-0.00013891,,,,,,,,,,,,,,
-0.87339,-0.00013908,,,,,,,,,,,,,,
-0.8794,-0.00013916,,,,,,,,,,,,,,
-0.8854,-0.00013899,,,,,,,,,,,,,,
-0.89169,-0.00013814,,,,,,,,,,,,,,
-0.89862,-0.00013799,,,,,,,,,,,,,,
-0.90568,-0.00013769,,,,,,,,,,,,,,
-0.91274,-0.00013719,,,,,,,,,,,,,,
-0.92003,-0.00013676,,,,,,,,,,,,,,
-0.92704,-0.00013538,,,,,,,,,,,,,,
-0.93433,-0.00013464,,,,,,,,,,,,,,
-0.94128,-0.00013336,,,,,,,,,,,,,,
-0.94839,-0.000132,,,,,,,,,,,,,,
-0.95539,-0.00013044,,,,,,,,,,,,,,
-0.96236,-0.00012876,,,,,,,,,,,,,,
-0.96972,-0.00012735,,,,,,,,,,,,,,
-0.97633,-0.00012515,,,,,,,,,,,,,,
-0.98361,-0.00012342,,,,,,,,,,,,,,
-0.99066,-0.0001213,,,,,,,,,,,,,,
